,Job No,Arrival Time,Completion Time,No Jobs in System,No Jobs at Stage 1,No Jobs at Stage 2,No Jobs at Stage 3,Stage 1 Job Size,Stage 2 Job Size,Job Type,Stage 3 Job Size,Job Time
0,1.0,17.334859781733968,38.05668530004919,0.0,0.0,0.0,0.0,1.0,1.0,1.0,1.0,20.72182551831522
1,2.0,85.10691205525625,103.1879204620588,0.0,0.0,0.0,0.0,1.0,1.0,1.0,1.0,18.081008406802553
2,3.0,151.35740503707382,172.3733101569771,0.0,0.0,0.0,0.0,1.0,1.0,1.0,1.0,21.015905119903294
3,4.0,163.72590937480942,181.67605015359635,1.0,0.0,1.0,0.0,1.0,1.0,1.0,1.0,17.95014077878693
4,5.0,236.9691600743313,265.8313611401021,0.0,0.0,0.0,0.0,1.0,1.0,2.0,2.0,28.86220106577079
5,6.0,269.83493274110003,287.6189245292929,0.0,0.0,0.0,0.0,1.0,1.0,1.0,1.0,17.78399178819285
6,7.0,322.40233955971337,343.62036282891785,0.0,0.0,0.0,0.0,1.0,1.0,1.0,1.0,21.21802326920448
7,8.0,345.7977673999016,370.71690957608155,0.0,0.0,0.0,0.0,1.0,1.0,2.0,2.0,24.919142176179946
8,9.0,469.4236789391766,498.21437451134904,0.0,0.0,0.0,0.0,1.0,1.0,2.0,2.0,28.79069557217241
9,10.0,495.6334445983016,518.8976212468061,1.0,0.0,0.0,1.0,1.0,2.0,3.0,1.0,23.26417664850453
10,11.0,620.099125592116,647.464654333573,0.0,0.0,0.0,0.0,1.0,2.0,3.0,1.0,27.365528741456956
11,12.0,675.4462477643417,693.7812389824061,0.0,0.0,0.0,0.0,1.0,1.0,1.0,1.0,18.334991218064374
12,13.0,740.8471227446892,767.9911857496729,0.0,0.0,0.0,0.0,1.0,2.0,3.0,1.0,27.144063004983764
13,14.0,842.2016184058765,860.1305543228291,0.0,0.0,0.0,0.0,1.0,1.0,1.0,1.0,17.928935916952582
14,15.0,870.9042289593473,899.7111686946552,0.0,0.0,0.0,0.0,1.0,1.0,2.0,2.0,28.80693973530788
15,16.0,900.9221516429544,918.9036591895725,0.0,0.0,0.0,0.0,1.0,1.0,1.0,1.0,17.981507546618104
16,17.0,973.7681339399701,994.6024774799997,0.0,0.0,0.0,0.0,1.0,1.0,1.0,1.0,20.834343540029636
17,18.0,1017.1846093375937,1040.9616616253954,0.0,0.0,0.0,0.0,1.0,2.0,3.0,1.0,23.77705228780178
18,19.0,1104.5206407699445,1125.4308673244097,0.0,0.0,0.0,0.0,1.0,1.0,1.0,1.0,20.910226554465225
19,20.0,1144.1825810046907,1167.3234494231383,0.0,0.0,0.0,0.0,1.0,2.0,3.0,1.0,23.140868418447553
20,21.0,1152.1305267978914,1180.9559645941406,1.0,0.0,1.0,0.0,1.0,1.0,2.0,2.0,28.82543779624916
21,22.0,1178.243241730789,1203.449496757809,1.0,0.0,0.0,1.0,1.0,1.0,2.0,2.0,25.206255027020006
22,23.0,1250.7061065217183,1271.5762194347294,0.0,0.0,0.0,0.0,1.0,1.0,1.0,1.0,20.8701129130111
23,24.0,1267.92304596792,1293.1510545881295,1.0,0.0,0.0,1.0,1.0,1.0,2.0,2.0,25.228008620209494
24,25.0,1287.8365184428287,1308.5992522534825,1.0,0.0,0.0,1.0,1.0,1.0,1.0,1.0,20.7627338106538
25,26.0,1319.381598303833,1342.9104088355555,0.0,0.0,0.0,0.0,1.0,2.0,3.0,1.0,23.528810531722456
26,27.0,1408.5202680454477,1437.327892554037,0.0,0.0,0.0,0.0,1.0,1.0,2.0,2.0,28.807624508589242
27,28.0,1581.6524336230011,1599.3332498645648,0.0,0.0,0.0,0.0,1.0,1.0,1.0,1.0,17.68081624156366
28,29.0,1630.9339902875672,1652.0219018498506,0.0,0.0,0.0,0.0,1.0,1.0,1.0,1.0,21.087911562283352
29,30.0,1658.1007249005152,1683.1416289315957,0.0,0.0,0.0,0.0,1.0,1.0,2.0,2.0,25.040904031080572
30,32.0,1695.201617532755,1719.5947846526904,1.0,1.0,0.0,0.0,1.0,2.0,3.0,1.0,24.393167119935242
31,31.0,1693.2946082085537,1719.9669380452667,0.0,0.0,0.0,0.0,1.0,2.0,3.0,1.0,26.67232983671306
32,33.0,1707.4179511590717,1735.185708300686,2.0,0.0,2.0,0.0,1.0,1.0,2.0,2.0,27.76775714161431
33,34.0,1777.8054122617145,1796.775675815317,0.0,0.0,0.0,0.0,1.0,1.0,1.0,1.0,18.970263553602535
34,35.0,1948.8004285929258,1968.989942886801,0.0,0.0,0.0,0.0,1.0,1.0,1.0,1.0,20.189514293875163
35,36.0,1998.6980857609692,2017.9474562834205,0.0,0.0,0.0,0.0,1.0,1.0,1.0,1.0,19.249370522451272
36,37.0,2070.279616691529,2098.0882161177947,0.0,0.0,0.0,0.0,1.0,1.0,2.0,2.0,27.808599426265573
37,38.0,2079.7142231729486,2105.3195758316447,1.0,0.0,1.0,0.0,1.0,2.0,3.0,1.0,25.60535265869612
38,39.0,2093.264021932173,2113.3252481485856,2.0,0.0,1.0,1.0,1.0,1.0,1.0,1.0,20.061226216412706
39,40.0,2263.7446542787343,2282.806694116991,0.0,0.0,0.0,0.0,1.0,1.0,1.0,1.0,19.062039838256624
40,41.0,2277.747181732423,2297.757931956157,1.0,0.0,0.0,1.0,1.0,1.0,1.0,1.0,20.010750223733794
41,42.0,2292.712968502846,2311.8515846353584,1.0,0.0,0.0,1.0,1.0,1.0,1.0,1.0,19.138616132512652
42,43.0,2442.717228154768,2468.1723412972387,0.0,0.0,0.0,0.0,1.0,2.0,3.0,1.0,25.455113142470964
43,44.0,2554.2527926077028,2580.5234846474764,0.0,0.0,0.0,0.0,1.0,1.0,2.0,2.0,26.27069203977362
44,45.0,2646.90885522059,2668.0477436148744,0.0,0.0,0.0,0.0,1.0,1.0,1.0,1.0,21.13888839428455
45,46.0,2648.163397382932,2671.927831680835,1.0,1.0,0.0,0.0,1.0,2.0,3.0,1.0,23.76443429790288
46,47.0,2662.5250153769894,2682.4565054878162,2.0,0.0,1.0,1.0,1.0,1.0,1.0,1.0,19.93149011082687
47,48.0,2776.542161710467,2802.4687604512064,0.0,0.0,0.0,0.0,1.0,1.0,2.0,2.0,25.926598740739337
48,49.0,2784.0961943051725,2804.1237766505005,1.0,0.0,1.0,0.0,1.0,1.0,1.0,1.0,20.027582345328028
49,50.0,2822.829567844561,2847.192063909862,0.0,0.0,0.0,0.0,1.0,2.0,3.0,1.0,24.362496065301002
50,51.0,2898.0948673384587,2918.2686583823775,0.0,0.0,0.0,0.0,1.0,1.0,1.0,1.0,20.173791043918754
51,52.0,2910.0746133821713,2929.077038112017,1.0,0.0,1.0,0.0,1.0,1.0,1.0,1.0,19.002424729845643
52,53.0,2979.3753563834534,2999.363056081353,0.0,0.0,0.0,0.0,1.0,1.0,1.0,1.0,19.987699697899643
53,54.0,2991.808282001732,3017.308190719293,1.0,0.0,0.0,1.0,1.0,1.0,2.0,2.0,25.499908717561084
54,55.0,3020.8849616329694,3047.9497908748635,0.0,0.0,0.0,0.0,1.0,2.0,3.0,1.0,27.06482924189413
55,56.0,3331.694123260732,3350.867991659873,0.0,0.0,0.0,0.0,1.0,1.0,1.0,1.0,19.173868399141156
56,57.0,3373.351067906786,3393.449004418901,0.0,0.0,0.0,0.0,1.0,1.0,1.0,1.0,20.09793651211521
57,58.0,3427.984139937096,3447.1587738257294,0.0,0.0,0.0,0.0,1.0,1.0,1.0,1.0,19.174633888633252
58,59.0,3460.4324244541262,3480.4378095164943,0.0,0.0,0.0,0.0,1.0,1.0,1.0,1.0,20.005385062368077
59,60.0,3527.367743758572,3551.952146796869,0.0,0.0,0.0,0.0,1.0,2.0,3.0,1.0,24.58440303829684
60,61.0,3649.167731986784,3669.057839610899,0.0,0.0,0.0,0.0,1.0,1.0,1.0,1.0,19.89010762411499
61,62.0,3654.478243543498,3680.2909477979565,1.0,0.0,1.0,0.0,1.0,1.0,2.0,2.0,25.812704254458367
62,63.0,3655.1713775864337,3685.020108583671,2.0,1.0,1.0,0.0,1.0,1.0,2.0,2.0,29.848730997237453
63,64.0,3676.8972785911687,3695.6981053180393,2.0,0.0,0.0,2.0,1.0,1.0,1.0,1.0,18.800826726870582
64,65.0,3687.981548866371,3708.199289836726,1.0,0.0,1.0,0.0,1.0,1.0,1.0,1.0,20.217740970354953
65,66.0,3697.4366388658445,3723.135089571047,1.0,0.0,1.0,0.0,1.0,1.0,2.0,2.0,25.698450705202504
66,67.0,3716.046117015422,3735.8205648537564,1.0,0.0,0.0,1.0,1.0,1.0,1.0,1.0,19.774447838334254
67,68.0,3747.8528754773765,3766.9049929965613,0.0,0.0,0.0,0.0,1.0,1.0,1.0,1.0,19.052117519184776
68,69.0,3759.562064739345,3787.177289283056,1.0,0.0,1.0,0.0,1.0,1.0,2.0,2.0,27.615224543711065
69,70.0,3780.8302650878995,3799.693448601561,1.0,0.0,0.0,1.0,1.0,1.0,1.0,1.0,18.863183513661625
70,72.0,3833.6044454959892,3857.8554635514365,1.0,1.0,0.0,0.0,1.0,2.0,3.0,1.0,24.251018055447275
71,71.0,3830.125693454618,3858.08617732027,0.0,0.0,0.0,0.0,1.0,1.0,2.0,2.0,27.960483865651895
72,73.0,3944.865308676426,3971.223382329049,0.0,0.0,0.0,0.0,1.0,1.0,2.0,2.0,26.358073652622807
73,74.0,4022.1634191841113,4042.4194180190316,0.0,0.0,0.0,0.0,1.0,1.0,1.0,1.0,20.25599883492032
74,75.0,4051.1569208461665,4070.227515016223,0.0,0.0,0.0,0.0,1.0,1.0,1.0,1.0,19.070594170056665
75,76.0,4081.4345903808853,4101.476475541793,0.0,0.0,0.0,0.0,1.0,1.0,1.0,1.0,20.04188516090744
76,77.0,4169.5571893551605,4195.183620123844,0.0,0.0,0.0,0.0,1.0,1.0,2.0,2.0,25.62643076868335
77,78.0,4221.658486418382,4246.931104239816,0.0,0.0,0.0,0.0,1.0,2.0,3.0,1.0,25.272617821433414
78,79.0,4347.672381315507,4372.825246956884,0.0,0.0,0.0,0.0,1.0,2.0,3.0,1.0,25.152865641377502
79,80.0,4408.310143890969,4428.303069668866,0.0,0.0,0.0,0.0,1.0,1.0,1.0,1.0,19.992925777896744
80,81.0,4475.213633061356,4493.9713337019975,0.0,0.0,0.0,0.0,1.0,1.0,1.0,1.0,18.757700640641815
81,82.0,4543.4518131602035,4568.831384774678,0.0,0.0,0.0,0.0,1.0,2.0,3.0,1.0,25.379571614474116
82,83.0,4557.69532276569,4583.3743676140175,1.0,0.0,1.0,0.0,1.0,2.0,3.0,1.0,25.679044848327067
83,84.0,4566.746727352029,4595.045199953888,2.0,0.0,1.0,1.0,1.0,1.0,2.0,2.0,28.29847260185943
84,85.0,4585.795352289745,4611.81570699993,1.0,0.0,0.0,1.0,1.0,1.0,2.0,2.0,26.02035471018462
85,86.0,4614.8949082877825,4640.5346820545665,0.0,0.0,0.0,0.0,1.0,2.0,3.0,1.0,25.639773766783946
86,87.0,4681.221692385556,4707.438610030292,0.0,0.0,0.0,0.0,1.0,1.0,2.0,2.0,26.216917644735986
87,88.0,4722.130931819736,4750.107695534331,0.0,0.0,0.0,0.0,1.0,1.0,2.0,2.0,27.9767637145942
88,89.0,4734.160964727217,4759.725567198239,1.0,0.0,1.0,0.0,1.0,2.0,3.0,1.0,25.564602471022226
89,90.0,4740.790375999391,4760.774556368263,2.0,0.0,1.0,1.0,1.0,1.0,1.0,1.0,19.98418036887233
90,91.0,4785.513155752785,4804.013809272238,0.0,0.0,0.0,0.0,1.0,1.0,1.0,1.0,18.500653519453408
91,92.0,4871.630190603842,4891.706973543089,0.0,0.0,0.0,0.0,1.0,1.0,1.0,1.0,20.076782939247096
92,93.0,4892.375809740991,4911.539142828249,0.0,0.0,0.0,0.0,1.0,1.0,1.0,1.0,19.163333087258252
93,94.0,4928.760545499628,4956.83125149105,0.0,0.0,0.0,0.0,1.0,1.0,2.0,2.0,28.070705991422074
94,95.0,5306.4797423408245,5332.860106335137,0.0,0.0,0.0,0.0,1.0,1.0,2.0,2.0,26.380363994312575
95,96.0,5481.22102802429,5509.342965592247,0.0,0.0,0.0,0.0,1.0,1.0,2.0,2.0,28.121937567957502
96,97.0,5550.18647633317,5569.521856170767,0.0,0.0,0.0,0.0,1.0,1.0,1.0,1.0,19.33537983759743
97,98.0,5623.752463121027,5643.3688077065435,0.0,0.0,0.0,0.0,1.0,1.0,1.0,1.0,19.616344585516345
98,99.0,5889.557102319473,5908.328743597454,0.0,0.0,0.0,0.0,1.0,1.0,1.0,1.0,18.77164127798096
99,100.0,5951.478780545151,5971.731068860002,0.0,0.0,0.0,0.0,1.0,1.0,1.0,1.0,20.252288314851285
100,101.0,5961.08759006085,5980.039595180284,1.0,0.0,1.0,0.0,1.0,1.0,1.0,1.0,18.952005119434034
101,102.0,6028.851706078734,6048.982565118624,0.0,0.0,0.0,0.0,1.0,1.0,1.0,1.0,20.1308590398894
102,103.0,6038.47688926775,6057.084359324922,1.0,0.0,1.0,0.0,1.0,1.0,1.0,1.0,18.607470057171668
103,104.0,6169.276161130142,6189.547390663269,0.0,0.0,0.0,0.0,1.0,1.0,1.0,1.0,20.271229533126643
104,105.0,6194.435414021267,6220.285489628962,0.0,0.0,0.0,0.0,1.0,1.0,2.0,2.0,25.850075607694635
105,106.0,6245.90296804673,6273.550643556364,0.0,0.0,0.0,0.0,1.0,1.0,2.0,2.0,27.6476755096337
106,107.0,6260.395281523938,6286.435201020259,1.0,0.0,0.0,1.0,1.0,1.0,2.0,2.0,26.03991949632109
107,108.0,6274.225275429654,6294.183656571951,1.0,0.0,0.0,1.0,1.0,1.0,1.0,1.0,19.958381142297185
108,109.0,6301.085394703539,6320.1497807752285,0.0,0.0,0.0,0.0,1.0,1.0,1.0,1.0,19.064386071689114
109,110.0,6392.860921024877,6412.693793046931,0.0,0.0,0.0,0.0,1.0,1.0,1.0,1.0,19.83287202205429
110,111.0,6576.283396380398,6602.194867127474,0.0,0.0,0.0,0.0,1.0,1.0,2.0,2.0,25.911470747076237
111,112.0,6815.893552368567,6835.937034451369,0.0,0.0,0.0,0.0,1.0,1.0,1.0,1.0,20.043482082802257
112,113.0,6945.549132550199,6964.350230310163,0.0,0.0,0.0,0.0,1.0,1.0,1.0,1.0,18.80109775996425
113,114.0,6949.660702995542,6969.491826494034,1.0,1.0,0.0,0.0,1.0,1.0,1.0,1.0,19.83112349849216
114,115.0,6972.311818032539,6991.444211375638,0.0,0.0,0.0,0.0,1.0,1.0,1.0,1.0,19.132393343098556
115,116.0,6990.418428795366,7018.702931591703,1.0,0.0,0.0,1.0,1.0,1.0,2.0,2.0,28.28450279633762
116,117.0,7010.38847110081,7035.779165991869,1.0,0.0,0.0,1.0,1.0,2.0,3.0,1.0,25.390694891058956
117,118.0,7020.744231954898,7041.053667555679,1.0,0.0,1.0,0.0,1.0,1.0,1.0,1.0,20.30943560078049
118,119.0,7100.793147478391,7126.522092145624,0.0,0.0,0.0,0.0,1.0,1.0,2.0,2.0,25.72894466723301
119,120.0,7119.963695095339,7145.486038146223,1.0,0.0,0.0,1.0,1.0,2.0,3.0,1.0,25.522343050884047
120,121.0,7129.270366674043,7148.383055531309,1.0,0.0,1.0,0.0,1.0,1.0,1.0,1.0,19.11268885726622
121,122.0,7144.145327021817,7164.130836733947,2.0,0.0,0.0,2.0,1.0,1.0,1.0,1.0,19.985509712129897
122,123.0,7219.453734568092,7238.432566604819,0.0,0.0,0.0,0.0,1.0,1.0,1.0,1.0,18.978832036727
123,124.0,7278.63846637544,7298.661697837274,0.0,0.0,0.0,0.0,1.0,1.0,1.0,1.0,20.023231461834257
124,125.0,7353.704668645811,7379.708740543239,0.0,0.0,0.0,0.0,1.0,2.0,3.0,1.0,26.00407189742873
125,127.0,7378.681133792024,7397.435436395699,2.0,1.0,0.0,1.0,1.0,1.0,1.0,1.0,18.75430260367466
126,126.0,7373.992846980937,7402.281180108242,1.0,0.0,0.0,1.0,1.0,1.0,2.0,2.0,28.288333127304213
127,128.0,7384.7000874194055,7411.434648444086,2.0,0.0,2.0,0.0,1.0,1.0,2.0,2.0,26.73456102468026
128,129.0,7412.925309262237,7432.76945839702,0.0,0.0,0.0,0.0,1.0,1.0,1.0,1.0,19.844149134783038
129,130.0,7426.418498581339,7445.157683208124,1.0,0.0,0.0,1.0,1.0,1.0,1.0,1.0,18.739184626784663
130,131.0,7484.711390751028,7504.769875565163,0.0,0.0,0.0,0.0,1.0,1.0,1.0,1.0,20.058484814134317
131,132.0,7526.82075840988,7553.261435704647,0.0,0.0,0.0,0.0,1.0,1.0,2.0,2.0,26.44067729476683
132,133.0,7593.65107159749,7614.127675180448,0.0,0.0,0.0,0.0,1.0,1.0,1.0,1.0,20.476603582957978
133,134.0,7643.611416436695,7662.443159211461,0.0,0.0,0.0,0.0,1.0,1.0,1.0,1.0,18.83174277476519
134,135.0,7723.391553190278,7743.53824559826,0.0,0.0,0.0,0.0,1.0,1.0,1.0,1.0,20.1466924079823
135,136.0,7762.466388973193,7781.295777567456,0.0,0.0,0.0,0.0,1.0,1.0,1.0,1.0,18.829388594263037
136,137.0,7960.559626586268,7980.506494617943,0.0,0.0,0.0,0.0,1.0,1.0,1.0,1.0,19.946868031674967
137,138.0,8151.27016684515,8170.107900461303,0.0,0.0,0.0,0.0,1.0,1.0,1.0,1.0,18.837733616152946
138,139.0,8232.825433223807,8260.879940465384,0.0,0.0,0.0,0.0,1.0,1.0,2.0,2.0,28.054507241577085
139,140.0,8241.384038160715,8265.595324585911,1.0,0.0,1.0,0.0,1.0,2.0,3.0,1.0,24.211286425195794
140,141.0,8250.8581356543,8277.58048992225,2.0,0.0,1.0,1.0,1.0,2.0,3.0,1.0,26.722354267949413
141,142.0,8359.746820034406,8385.555945112983,0.0,0.0,0.0,0.0,1.0,1.0,2.0,2.0,25.80912507857647
142,143.0,8390.441598545574,8417.063656748644,0.0,0.0,0.0,0.0,1.0,2.0,3.0,1.0,26.622058203069173
143,144.0,8563.833544934758,8589.781681185725,0.0,0.0,0.0,0.0,1.0,1.0,2.0,2.0,25.948136250966854
144,145.0,8637.187194874574,8657.454123261785,0.0,0.0,0.0,0.0,1.0,1.0,1.0,1.0,20.26692838721101
145,146.0,8688.047814817464,8713.950814494094,0.0,0.0,0.0,0.0,1.0,1.0,2.0,2.0,25.902999676629406
146,147.0,8696.759793703959,8723.446623708904,1.0,0.0,1.0,0.0,1.0,2.0,3.0,1.0,26.686830004944568
147,148.0,8801.03849430987,8819.987566671736,0.0,0.0,0.0,0.0,1.0,1.0,1.0,1.0,18.949072361865547
148,149.0,8814.198507612615,8842.142626153493,1.0,0.0,0.0,1.0,1.0,1.0,2.0,2.0,27.944118540877753
149,150.0,8891.012722191175,8910.073232892366,0.0,0.0,0.0,0.0,1.0,1.0,1.0,1.0,19.06051070119065
150,151.0,8947.349950010768,8967.473288262998,0.0,0.0,0.0,0.0,1.0,1.0,1.0,1.0,20.123338252229587
151,152.0,9127.99240752097,9146.951119395431,0.0,0.0,0.0,0.0,1.0,1.0,1.0,1.0,18.958711874462097
152,153.0,9305.133980194541,9331.393727604054,0.0,0.0,0.0,0.0,1.0,2.0,3.0,1.0,26.259747409512784
153,154.0,9352.38342405786,9378.379617587647,0.0,0.0,0.0,0.0,1.0,1.0,2.0,2.0,25.99619352978698
154,155.0,9358.234627142487,9385.703349156018,1.0,1.0,0.0,0.0,1.0,1.0,2.0,2.0,27.468722013531078
155,156.0,9377.618493404525,9396.792216694485,2.0,0.0,0.0,2.0,1.0,1.0,1.0,1.0,19.173723289959526
156,157.0,9381.2548620093,9409.432211587908,2.0,1.0,0.0,1.0,1.0,1.0,2.0,2.0,28.17734957860739
157,158.0,9399.529234562757,9418.779472927676,1.0,0.0,0.0,1.0,1.0,1.0,1.0,1.0,19.250238364918914
158,159.0,9418.532321176133,9438.442308225754,1.0,0.0,0.0,1.0,1.0,1.0,1.0,1.0,19.909987049621122
159,160.0,9427.181925969879,9453.544762211408,1.0,0.0,1.0,0.0,1.0,1.0,2.0,2.0,26.362836241529294
160,161.0,9462.742868789252,9482.849982922906,0.0,0.0,0.0,0.0,1.0,1.0,1.0,1.0,20.10711413365425
161,162.0,9485.149959414806,9504.240492907235,0.0,0.0,0.0,0.0,1.0,1.0,1.0,1.0,19.09053349242822
162,163.0,9515.341250249752,9542.96574318663,0.0,0.0,0.0,0.0,1.0,1.0,2.0,2.0,27.624492936878596
163,164.0,9523.017715684968,9548.805777325986,1.0,0.0,1.0,0.0,1.0,1.0,2.0,2.0,25.78806164101843
164,165.0,9608.668936536238,9635.19922263798,0.0,0.0,0.0,0.0,1.0,2.0,3.0,1.0,26.530286101742604
165,166.0,9632.382822619531,9658.354375877092,1.0,0.0,0.0,1.0,1.0,1.0,2.0,2.0,25.971553257561027
166,167.0,9684.131540738374,9712.024539728176,0.0,0.0,0.0,0.0,1.0,1.0,2.0,2.0,27.892998989802436
167,168.0,9736.32732149675,9760.630214467736,0.0,0.0,0.0,0.0,1.0,2.0,3.0,1.0,24.30289297098534
168,169.0,9752.17776972468,9772.59299885086,1.0,0.0,1.0,0.0,1.0,1.0,1.0,1.0,20.415229126179838
169,170.0,9780.384689172275,9799.59879882374,0.0,0.0,0.0,0.0,1.0,1.0,1.0,1.0,19.21410965146424
170,171.0,9789.761921898173,9809.855591775733,1.0,0.0,1.0,0.0,1.0,1.0,1.0,1.0,20.093669877560387
171,172.0,9817.114171706842,9843.048570407957,0.0,0.0,0.0,0.0,1.0,1.0,2.0,2.0,25.934398701114333
172,173.0,9827.224079691508,9855.238858861569,1.0,0.0,1.0,0.0,1.0,1.0,2.0,2.0,28.014779170060137
173,174.0,9970.957717920273,9990.095039256084,0.0,0.0,0.0,0.0,1.0,1.0,1.0,1.0,19.137321335811066
174,175.0,9972.395647160034,9999.021555581532,1.0,1.0,0.0,0.0,1.0,2.0,3.0,1.0,26.625908421498025
175,176.0,10158.411605974727,10177.46401885435,0.0,0.0,0.0,0.0,1.0,1.0,1.0,1.0,19.05241287962417
176,177.0,10267.884975067027,10295.231836190911,0.0,0.0,0.0,0.0,1.0,1.0,2.0,2.0,27.346861123884082
177,178.0,10280.244370267728,10299.215964867932,1.0,0.0,0.0,1.0,1.0,1.0,1.0,1.0,18.97159460020339
178,179.0,10364.712483769594,10384.89310162592,0.0,0.0,0.0,0.0,1.0,1.0,1.0,1.0,20.180617856325625
179,180.0,10394.874446966242,10413.843539764941,0.0,0.0,0.0,0.0,1.0,1.0,1.0,1.0,18.96909279869942
180,181.0,10412.167770720727,10440.270171760356,1.0,0.0,0.0,1.0,1.0,1.0,2.0,2.0,28.102401039628603
181,182.0,10435.668366140553,10454.88423734841,1.0,0.0,0.0,1.0,1.0,1.0,1.0,1.0,19.215871207856253
182,183.0,10495.358248162967,10523.288625905374,0.0,0.0,0.0,0.0,1.0,1.0,2.0,2.0,27.930377742406563
183,184.0,10523.410658865885,10547.331143078982,0.0,0.0,0.0,0.0,1.0,2.0,3.0,1.0,23.920484213096643
184,185.0,10595.25353914121,10615.255924929563,0.0,0.0,0.0,0.0,1.0,1.0,1.0,1.0,20.002385788353422
185,186.0,10718.586782813589,10737.230417765632,0.0,0.0,0.0,0.0,1.0,1.0,1.0,1.0,18.643634952042703
186,187.0,10763.99334059758,10790.388095012373,0.0,0.0,0.0,0.0,1.0,2.0,3.0,1.0,26.39475441479226
187,188.0,10891.967054093593,10918.107521289847,0.0,0.0,0.0,0.0,1.0,1.0,2.0,2.0,26.140467196253667
188,189.0,10907.445273540776,10933.738227636164,1.0,0.0,0.0,1.0,1.0,2.0,3.0,1.0,26.292954095388268
189,190.0,10923.438862783762,10949.520675202311,1.0,0.0,1.0,0.0,1.0,1.0,2.0,2.0,26.081812418549816
190,191.0,11060.284237437614,11086.849750376574,0.0,0.0,0.0,0.0,1.0,2.0,3.0,1.0,26.565512938959728
191,192.0,11113.54585534818,11138.070071321072,0.0,0.0,0.0,0.0,1.0,2.0,3.0,1.0,24.524215972891398
192,193.0,11122.21800247816,11148.854843140176,1.0,0.0,1.0,0.0,1.0,2.0,3.0,1.0,26.636840662016766
193,194.0,11132.40968839718,11156.79896051678,2.0,0.0,1.0,1.0,1.0,2.0,3.0,1.0,24.38927211960072
194,195.0,11138.140260344431,11158.471060032196,2.0,1.0,1.0,0.0,1.0,1.0,1.0,1.0,20.33079968776474
195,196.0,11214.16272509689,11238.909407758001,0.0,0.0,0.0,0.0,1.0,2.0,3.0,1.0,24.746682661110754
196,197.0,11335.317671966102,11355.421947652307,0.0,0.0,0.0,0.0,1.0,1.0,1.0,1.0,20.104275686204346
197,198.0,11366.100790372202,11391.845153686985,0.0,0.0,0.0,0.0,1.0,1.0,2.0,2.0,25.744363314783186
198,199.0,11400.08727655371,11427.520049305736,0.0,0.0,0.0,0.0,1.0,1.0,2.0,2.0,27.43277275202672
199,200.0,11428.791789755398,11453.213213437492,0.0,0.0,0.0,0.0,1.0,2.0,3.0,1.0,24.42142368209352
200,201.0,11604.740672506234,11624.601492300908,0.0,0.0,0.0,0.0,1.0,1.0,1.0,1.0,19.86081979467417
201,202.0,11873.387209408622,11892.339650000267,0.0,0.0,0.0,0.0,1.0,1.0,1.0,1.0,18.952440591645427
202,203.0,11890.267468364698,11910.17048056086,1.0,0.0,0.0,1.0,1.0,1.0,1.0,1.0,19.903012196162308
203,204.0,11940.399792099177,11965.021047080321,0.0,0.0,0.0,0.0,1.0,2.0,3.0,1.0,24.621254981144375
204,205.0,11998.747161482877,12026.562821727819,0.0,0.0,0.0,0.0,1.0,1.0,2.0,2.0,27.815660244941682
205,206.0,12046.489767279874,12072.301440092611,0.0,0.0,0.0,0.0,1.0,1.0,2.0,2.0,25.811672812737015
206,207.0,12121.071279138125,12148.956743765917,0.0,0.0,0.0,0.0,1.0,1.0,2.0,2.0,27.885464627792317
207,208.0,12135.104790661926,12154.073873065445,1.0,0.0,0.0,1.0,1.0,1.0,1.0,1.0,18.96908240351877
208,209.0,12140.431053504311,12160.413499758692,2.0,1.0,0.0,1.0,1.0,1.0,1.0,1.0,19.982446254380193
209,210.0,12149.89109197999,12168.780536345916,2.0,0.0,1.0,1.0,1.0,1.0,1.0,1.0,18.889444365926465
210,211.0,12157.87987530816,12177.890887673697,2.0,0.0,1.0,1.0,1.0,1.0,1.0,1.0,20.01101236553768
211,212.0,12243.927080647552,12262.82966483153,0.0,0.0,0.0,0.0,1.0,1.0,1.0,1.0,18.902584183977524
212,213.0,12254.627013109735,12280.702766630508,1.0,0.0,1.0,0.0,1.0,2.0,3.0,1.0,26.075753520772196
213,214.0,12312.452387051988,12331.695105418788,0.0,0.0,0.0,0.0,1.0,1.0,1.0,1.0,19.242718366800545
214,215.0,12445.67621609349,12473.178077810328,0.0,0.0,0.0,0.0,1.0,1.0,2.0,2.0,27.501861716837084
215,216.0,12530.499539896196,12556.761465569862,0.0,0.0,0.0,0.0,1.0,1.0,2.0,2.0,26.261925673665246
216,217.0,12660.397018573958,12680.231103949858,0.0,0.0,0.0,0.0,1.0,1.0,1.0,1.0,19.83408537590003
217,218.0,12709.551117010844,12734.290277681306,0.0,0.0,0.0,0.0,1.0,2.0,3.0,1.0,24.739160670462297
218,219.0,12735.484290173732,12763.458134371833,0.0,0.0,0.0,0.0,1.0,1.0,2.0,2.0,27.973844198100778
219,220.0,12768.127579716409,12793.619155719529,0.0,0.0,0.0,0.0,1.0,1.0,2.0,2.0,25.491576003119917
220,221.0,12802.824994499353,12822.631500370311,0.0,0.0,0.0,0.0,1.0,1.0,1.0,1.0,19.806505870958063
221,222.0,12805.872511636673,12824.63175380069,1.0,1.0,0.0,0.0,1.0,1.0,1.0,1.0,18.75924216401654
222,223.0,12887.108722513605,12906.89628368799,0.0,0.0,0.0,0.0,1.0,1.0,1.0,1.0,19.78756117438388
223,224.0,12964.646019584394,12983.66904432918,0.0,0.0,0.0,0.0,1.0,1.0,1.0,1.0,19.023024744787108
224,225.0,13015.193363961116,13042.883429893349,0.0,0.0,0.0,0.0,1.0,1.0,2.0,2.0,27.690065932232756
225,226.0,13099.050011883512,13117.948785121785,0.0,0.0,0.0,0.0,1.0,1.0,1.0,1.0,18.89877323827386
226,227.0,13134.999750370469,13155.004161955632,0.0,0.0,0.0,0.0,1.0,1.0,1.0,1.0,20.004411585163325
227,228.0,13251.329347564144,13277.207567225529,0.0,0.0,0.0,0.0,1.0,1.0,2.0,2.0,25.87821966138472
228,229.0,13303.667007063363,13323.693049128373,0.0,0.0,0.0,0.0,1.0,1.0,1.0,1.0,20.026042065010188
229,230.0,13426.56499526713,13452.365289603846,0.0,0.0,0.0,0.0,1.0,1.0,2.0,2.0,25.800294336715524
230,231.0,13454.7014149118,13474.751516100181,0.0,0.0,0.0,0.0,1.0,1.0,1.0,1.0,20.050101188380722
231,232.0,13458.531767345878,13477.188427420202,1.0,1.0,0.0,0.0,1.0,1.0,1.0,1.0,18.656660074324463
232,233.0,13559.79720307899,13586.446045443623,0.0,0.0,0.0,0.0,1.0,2.0,3.0,1.0,26.64884236463331
233,234.0,13637.27909767725,13661.933927852027,0.0,0.0,0.0,0.0,1.0,2.0,3.0,1.0,24.65483017477709
234,235.0,13647.119347388483,13673.3877925807,1.0,0.0,1.0,0.0,1.0,2.0,3.0,1.0,26.26844519221595
235,236.0,13750.54362908405,13776.44496245499,0.0,0.0,0.0,0.0,1.0,1.0,2.0,2.0,25.901333370940847
236,237.0,13895.628200899224,13924.090037580907,0.0,0.0,0.0,0.0,1.0,1.0,2.0,2.0,28.461836681683053
237,238.0,13950.68714772448,13969.728495744415,0.0,0.0,0.0,0.0,1.0,1.0,1.0,1.0,19.041348019934958
238,239.0,13969.111167566622,13995.16925573207,1.0,0.0,0.0,1.0,1.0,2.0,3.0,1.0,26.05808816544777
239,240.0,13989.978532516978,14014.881964317228,1.0,0.0,0.0,1.0,1.0,2.0,3.0,1.0,24.903431800250473
240,241.0,14090.51392935596,14116.927020144374,0.0,0.0,0.0,0.0,1.0,2.0,3.0,1.0,26.413090788413683
241,242.0,14115.19239071954,14141.084666280514,1.0,0.0,0.0,1.0,1.0,1.0,2.0,2.0,25.892275560974667
242,243.0,14147.670894610981,14173.790787791548,0.0,0.0,0.0,0.0,1.0,2.0,3.0,1.0,26.119893180566578
243,244.0,14202.327133794357,14221.161607990582,0.0,0.0,0.0,0.0,1.0,1.0,1.0,1.0,18.83447419622462
244,245.0,14271.654030075184,14291.986175352817,0.0,0.0,0.0,0.0,1.0,1.0,1.0,1.0,20.332145277632662
245,246.0,14357.80208529385,14376.978139711693,0.0,0.0,0.0,0.0,1.0,1.0,1.0,1.0,19.17605441784326
246,247.0,14366.564392393906,14394.613998713354,1.0,0.0,1.0,0.0,1.0,1.0,2.0,2.0,28.049606319447776
247,248.0,14607.337897324642,14626.548410887928,0.0,0.0,0.0,0.0,1.0,1.0,1.0,1.0,19.21051356328644
248,249.0,14678.592975391273,14706.686571510612,0.0,0.0,0.0,0.0,1.0,1.0,2.0,2.0,28.093596119339054
249,250.0,14786.138847375114,14812.283410306178,0.0,0.0,0.0,0.0,1.0,1.0,2.0,2.0,26.144562931063774
250,252.0,14818.261811502069,14838.193670347793,1.0,1.0,0.0,0.0,1.0,1.0,1.0,1.0,19.93185884572449
251,251.0,14814.700515174472,14840.488192544997,0.0,0.0,0.0,0.0,1.0,2.0,3.0,1.0,25.78767737052476
252,253.0,14965.67145922171,14984.239769613014,0.0,0.0,0.0,0.0,1.0,1.0,1.0,1.0,18.568310391303385
253,254.0,14990.91221539134,15011.123472080477,0.0,0.0,0.0,0.0,1.0,1.0,1.0,1.0,20.21125668913737
254,255.0,15062.127685357396,15081.336840253527,0.0,0.0,0.0,0.0,1.0,1.0,1.0,1.0,19.209154896130713
255,256.0,15121.293389690009,15147.899607877944,0.0,0.0,0.0,0.0,1.0,1.0,2.0,2.0,26.606218187935156
256,257.0,15288.788273472312,15307.97016024065,0.0,0.0,0.0,0.0,1.0,1.0,1.0,1.0,19.18188676833779
257,258.0,15407.446207532008,15433.976485204677,0.0,0.0,0.0,0.0,1.0,2.0,3.0,1.0,26.5302776726694
258,259.0,15434.447823548071,15459.211364000203,0.0,0.0,0.0,0.0,1.0,2.0,3.0,1.0,24.763540452131565
259,260.0,15474.221895363637,15501.060046824397,0.0,0.0,0.0,0.0,1.0,1.0,2.0,2.0,26.838151460760855
260,261.0,15874.325202172062,15898.559724039753,0.0,0.0,0.0,0.0,1.0,2.0,3.0,1.0,24.234521867691
261,262.0,15885.630443317139,15904.375341200466,1.0,0.0,1.0,0.0,1.0,1.0,1.0,1.0,18.744897883327212
262,263.0,15886.1660665298,15914.509821392885,2.0,1.0,1.0,0.0,1.0,1.0,2.0,2.0,28.34375486308454
263,264.0,16092.732326738871,16116.033503034505,0.0,0.0,0.0,0.0,1.0,2.0,3.0,1.0,23.301176295633923
264,265.0,16199.974774854009,16228.997666713156,0.0,0.0,0.0,0.0,1.0,1.0,2.0,2.0,29.02289185914742
265,266.0,16245.093724521234,16270.118036663223,0.0,0.0,0.0,0.0,1.0,1.0,2.0,2.0,25.024312141989867
266,267.0,16466.79662524642,16487.595181259163,0.0,0.0,0.0,0.0,1.0,1.0,1.0,1.0,20.798556012741756
267,268.0,16519.72173820018,16543.103436104957,0.0,0.0,0.0,0.0,1.0,2.0,3.0,1.0,23.381697904776956
268,269.0,16528.658909001817,16557.633775976396,1.0,0.0,1.0,0.0,1.0,1.0,2.0,2.0,28.974866974578617
269,270.0,16634.848803266545,16652.81990455173,0.0,0.0,0.0,0.0,1.0,1.0,1.0,1.0,17.971101285183977
270,271.0,16694.972377167825,16723.901529742692,0.0,0.0,0.0,0.0,1.0,1.0,2.0,2.0,28.929152574866748
271,272.0,16717.488034087186,16740.96359063241,1.0,0.0,0.0,1.0,1.0,2.0,3.0,1.0,23.475556545225118
272,273.0,16935.650929401283,16956.4326310492,0.0,0.0,0.0,0.0,1.0,1.0,1.0,1.0,20.781701647916634
273,274.0,17037.102371772504,17054.811887653894,0.0,0.0,0.0,0.0,1.0,1.0,1.0,1.0,17.70951588138996
274,276.0,17109.23400629902,17127.424003445827,1.0,1.0,0.0,0.0,1.0,1.0,1.0,1.0,18.18999714680831
275,275.0,17106.23095647032,17135.61831194575,0.0,0.0,0.0,0.0,1.0,1.0,2.0,2.0,29.387355475428194
276,277.0,17293.284820047313,17313.196101003945,0.0,0.0,0.0,0.0,1.0,1.0,1.0,1.0,19.911280956632254
277,278.0,17413.648109354435,17440.86479918342,0.0,0.0,0.0,0.0,1.0,1.0,2.0,2.0,27.216689828983363
278,280.0,17520.897054777277,17539.28316386689,1.0,1.0,0.0,0.0,1.0,1.0,1.0,1.0,18.386109089613456
279,279.0,17519.449833576866,17540.504361529915,0.0,0.0,0.0,0.0,1.0,1.0,1.0,1.0,21.05452795304882
280,282.0,17559.10235536313,17576.974954722198,1.0,1.0,0.0,0.0,1.0,1.0,1.0,1.0,17.872599359066953
281,281.0,17558.40612392653,17585.918914880658,0.0,0.0,0.0,0.0,1.0,2.0,3.0,1.0,27.51279095412974
282,283.0,17576.04753268258,17593.92156540216,2.0,0.0,1.0,1.0,1.0,1.0,1.0,1.0,17.87403271958101
283,284.0,17587.365780670756,17608.47026562332,1.0,0.0,0.0,1.0,1.0,1.0,1.0,1.0,21.104484952564235
284,285.0,17635.848151724924,17659.325692711576,0.0,0.0,0.0,0.0,1.0,2.0,3.0,1.0,23.477540986652457
285,286.0,17673.94221913776,17694.898203739245,0.0,0.0,0.0,0.0,1.0,1.0,1.0,1.0,20.955984601485397
286,287.0,17680.22364332896,17705.35852336157,1.0,1.0,0.0,0.0,1.0,1.0,2.0,2.0,25.134880032608635
287,288.0,17684.74139024951,17713.65790944406,2.0,1.0,1.0,0.0,1.0,1.0,2.0,2.0,28.916519194550347
288,289.0,17707.196961982576,17730.402842951502,1.0,0.0,0.0,1.0,1.0,2.0,3.0,1.0,23.205880968926067
289,290.0,17923.308339685904,17952.592904835532,0.0,0.0,0.0,0.0,1.0,1.0,2.0,2.0,29.28456514962818
290,291.0,17941.29050428793,17959.007163357066,1.0,0.0,0.0,1.0,1.0,1.0,1.0,1.0,17.716659069137677
291,293.0,17963.99855910491,17981.94119342076,1.0,1.0,0.0,0.0,1.0,1.0,1.0,1.0,17.94263431584841
292,292.0,17958.30777960786,17987.311684324697,1.0,0.0,0.0,1.0,1.0,1.0,2.0,2.0,29.003904716835677
293,294.0,17983.52916405256,18003.701633331544,1.0,0.0,0.0,1.0,1.0,1.0,1.0,1.0,20.172469278983044
294,295.0,17990.314486891777,18009.255023138187,1.0,0.0,1.0,0.0,1.0,1.0,1.0,1.0,18.940536246409465
295,296.0,18072.872049180856,18099.30280694135,0.0,0.0,0.0,0.0,1.0,2.0,3.0,1.0,26.43075776049227
296,297.0,18111.42640379899,18130.50656555359,0.0,0.0,0.0,0.0,1.0,1.0,1.0,1.0,19.08016175460216
297,298.0,18148.663119793797,18175.320156270507,0.0,0.0,0.0,0.0,1.0,1.0,2.0,2.0,26.657036476710346
298,299.0,18158.761921053774,18186.094291981502,1.0,0.0,1.0,0.0,1.0,1.0,2.0,2.0,27.332370927728334
299,300.0,18302.104010875664,18322.141379903496,0.0,0.0,0.0,0.0,1.0,1.0,1.0,1.0,20.037369027832028
300,301.0,18346.030154884313,18372.70351107216,0.0,0.0,0.0,0.0,1.0,1.0,2.0,2.0,26.673356187846366
301,302.0,18447.126925228305,18473.84997784534,0.0,0.0,0.0,0.0,1.0,1.0,2.0,2.0,26.723052617035137
302,303.0,18458.560459844997,18477.59160289813,1.0,0.0,1.0,0.0,1.0,1.0,1.0,1.0,19.031143053132837
303,304.0,18684.64203329063,18704.43654866494,0.0,0.0,0.0,0.0,1.0,1.0,1.0,1.0,19.794515374309412
304,305.0,18756.126289877826,18775.362006186966,0.0,0.0,0.0,0.0,1.0,1.0,1.0,1.0,19.235716309140116
305,306.0,18819.996534097714,18840.159062081097,0.0,0.0,0.0,0.0,1.0,1.0,1.0,1.0,20.16252798338246
306,307.0,18871.546297635945,18890.661497726443,0.0,0.0,0.0,0.0,1.0,1.0,1.0,1.0,19.115200090498547
307,309.0,18975.59874153802,18994.445113822272,1.0,1.0,0.0,0.0,1.0,1.0,1.0,1.0,18.846372284253448
308,308.0,18972.430124857183,18999.522525944274,0.0,0.0,0.0,0.0,1.0,1.0,2.0,2.0,27.092401087091275
309,310.0,19039.244977680268,19060.343718757267,0.0,0.0,0.0,0.0,1.0,1.0,1.0,1.0,21.09874107699943
310,311.0,19131.95159459095,19157.402997449906,0.0,0.0,0.0,0.0,1.0,1.0,2.0,2.0,25.45140285895468
311,312.0,19159.751593524474,19186.814409804992,0.0,0.0,0.0,0.0,1.0,2.0,3.0,1.0,27.062816280518746
312,314.0,19252.691939733846,19272.45229121183,1.0,1.0,0.0,0.0,1.0,1.0,1.0,1.0,19.76035147798393
313,313.0,19252.240592039714,19276.32797401447,0.0,0.0,0.0,0.0,1.0,2.0,3.0,1.0,24.08738197475759
314,315.0,19291.473426854103,19310.51705226342,0.0,0.0,0.0,0.0,1.0,1.0,1.0,1.0,19.043625409318338
315,316.0,19330.949148008975,19350.89075703888,0.0,0.0,0.0,0.0,1.0,1.0,1.0,1.0,19.94160902990552
316,317.0,19352.612149176988,19379.049926179196,0.0,0.0,0.0,0.0,1.0,1.0,2.0,2.0,26.43777700220744
317,318.0,19449.873641299677,19469.43812495006,0.0,0.0,0.0,0.0,1.0,1.0,1.0,1.0,19.56448365038159
318,319.0,19501.81480202586,19527.22812554123,0.0,0.0,0.0,0.0,1.0,1.0,2.0,2.0,25.413323515371303
319,320.0,19549.861270286885,19575.326489134462,0.0,0.0,0.0,0.0,1.0,2.0,3.0,1.0,25.46521884757749
320,321.0,19567.20589931601,19592.847228736686,1.0,0.0,1.0,0.0,1.0,2.0,3.0,1.0,25.641329420675902
321,322.0,19578.258519271007,19602.612296097457,1.0,0.0,1.0,0.0,1.0,2.0,3.0,1.0,24.353776826450485
322,323.0,19580.04208756559,19608.14480152907,2.0,1.0,1.0,0.0,1.0,1.0,2.0,2.0,28.10271396347889
323,325.0,19623.207771900088,19648.286232590708,1.0,1.0,0.0,0.0,1.0,1.0,2.0,2.0,25.078460690619977
324,324.0,19621.936745981817,19650.9800901393,0.0,0.0,0.0,0.0,1.0,1.0,2.0,2.0,29.043344157482352
325,326.0,19774.273266946617,19798.415016445328,0.0,0.0,0.0,0.0,1.0,2.0,3.0,1.0,24.14174949871085
326,327.0,19861.138333211624,19881.395889720065,0.0,0.0,0.0,0.0,1.0,1.0,1.0,1.0,20.257556508440757
327,328.0,20084.349419983217,20110.74273784135,0.0,0.0,0.0,0.0,1.0,1.0,2.0,2.0,26.393317858131923
328,329.0,20116.039227782065,20136.02204897773,0.0,0.0,0.0,0.0,1.0,1.0,1.0,1.0,19.982821195666475
329,330.0,20161.49462128901,20185.764377114356,0.0,0.0,0.0,0.0,1.0,2.0,3.0,1.0,24.269755825345783
330,331.0,20315.25420155767,20335.194598917893,0.0,0.0,0.0,0.0,1.0,1.0,1.0,1.0,19.94039736022387
331,332.0,20329.88732288102,20348.686013271246,1.0,0.0,0.0,1.0,1.0,1.0,1.0,1.0,18.79869039022742
332,333.0,20392.532306645357,20412.20893313304,0.0,0.0,0.0,0.0,1.0,1.0,1.0,1.0,19.67662648768237
333,335.0,20495.600738751295,20515.51294325501,1.0,1.0,0.0,0.0,1.0,1.0,1.0,1.0,19.912204503714747
334,334.0,20491.07957543616,20517.25799809182,0.0,0.0,0.0,0.0,1.0,1.0,2.0,2.0,26.178422655659233
335,337.0,20625.765132236902,20645.538769311297,1.0,1.0,0.0,0.0,1.0,1.0,1.0,1.0,19.773637074395083
336,336.0,20620.895276370833,20645.66469677073,0.0,0.0,0.0,0.0,1.0,2.0,3.0,1.0,24.76942039989808
337,338.0,20678.407839513526,20699.362576496344,0.0,0.0,0.0,0.0,1.0,1.0,1.0,1.0,20.95473698281785
338,339.0,20838.93405808685,20857.152357508658,0.0,0.0,0.0,0.0,1.0,1.0,1.0,1.0,18.218299421809206
339,340.0,20859.479723790417,20880.354330250735,0.0,0.0,0.0,0.0,1.0,1.0,1.0,1.0,20.87460646031832
340,341.0,20864.471490612945,20882.49825655301,1.0,1.0,0.0,0.0,1.0,1.0,1.0,1.0,18.02676594006698
341,342.0,20917.242745188567,20938.309635292462,0.0,0.0,0.0,0.0,1.0,1.0,1.0,1.0,21.066890103895275
342,343.0,20954.409891898642,20972.54043542749,0.0,0.0,0.0,0.0,1.0,1.0,1.0,1.0,18.130543528848648
343,344.0,20982.76944925208,21003.979555349364,0.0,0.0,0.0,0.0,1.0,1.0,1.0,1.0,21.21010609728546
344,345.0,21036.881973645297,21061.686876484106,0.0,0.0,0.0,0.0,1.0,1.0,2.0,2.0,24.80490283880863
345,346.0,21056.07848317842,21085.397535482374,1.0,0.0,0.0,1.0,1.0,1.0,2.0,2.0,29.319052303955687
346,347.0,21094.088650623034,21117.35049696051,0.0,0.0,0.0,0.0,1.0,2.0,3.0,1.0,23.261846337474708
347,348.0,21207.329455223145,21234.256203044148,0.0,0.0,0.0,0.0,1.0,2.0,3.0,1.0,26.92674782100221
348,349.0,21283.09361659644,21308.151614945175,0.0,0.0,0.0,0.0,1.0,1.0,2.0,2.0,25.057998348733236
349,351.0,21341.734506718672,21367.173224372873,1.0,1.0,0.0,0.0,1.0,2.0,3.0,1.0,25.438717654200445
350,350.0,21340.937213413472,21369.239844873402,0.0,0.0,0.0,0.0,1.0,1.0,2.0,2.0,28.302631459930126
351,352.0,21416.406215099116,21434.023854980627,0.0,0.0,0.0,0.0,1.0,1.0,1.0,1.0,17.617639881511423
352,353.0,21490.822787813766,21511.845877790987,0.0,0.0,0.0,0.0,1.0,1.0,1.0,1.0,21.02308997722139
353,354.0,21523.154461972645,21547.804910572897,0.0,0.0,0.0,0.0,1.0,1.0,2.0,2.0,24.650448600252275
354,355.0,21543.519318738312,21564.38507192602,1.0,0.0,0.0,1.0,1.0,1.0,1.0,1.0,20.865753187707014
355,356.0,21587.68409870761,21612.66576654709,0.0,0.0,0.0,0.0,1.0,1.0,2.0,2.0,24.981667839478177
356,357.0,21665.758436909422,21686.920385803238,0.0,0.0,0.0,0.0,1.0,1.0,1.0,1.0,21.16194889381586
357,358.0,21714.019073769337,21738.915473565947,0.0,0.0,0.0,0.0,1.0,1.0,2.0,2.0,24.89639979660933
358,359.0,21820.370196144482,21841.163876249873,0.0,0.0,0.0,0.0,1.0,1.0,1.0,1.0,20.793680105391104
359,360.0,21872.84086580278,21898.093753328143,0.0,0.0,0.0,0.0,1.0,1.0,2.0,2.0,25.252887525362894
360,361.0,21938.759851274004,21959.871080947418,0.0,0.0,0.0,0.0,1.0,1.0,1.0,1.0,21.111229673413618
361,362.0,21943.423079718927,21968.42736199781,1.0,1.0,0.0,0.0,1.0,1.0,2.0,2.0,25.004282278881874
362,363.0,22151.33689589301,22172.60843744549,0.0,0.0,0.0,0.0,1.0,1.0,1.0,1.0,21.271541552479903
363,364.0,22197.54317755206,22215.635473540064,0.0,0.0,0.0,0.0,1.0,1.0,1.0,1.0,18.09229598800448
364,365.0,22218.060862411076,22246.48151681844,0.0,0.0,0.0,0.0,1.0,1.0,2.0,2.0,28.420654407364054
365,366.0,22308.283718318307,22326.348941126616,0.0,0.0,0.0,0.0,1.0,1.0,1.0,1.0,18.065222808309045
366,367.0,22348.33344462249,22377.657676314317,0.0,0.0,0.0,0.0,1.0,1.0,2.0,2.0,29.324231691825844
367,368.0,22391.84822789726,22410.162520820144,0.0,0.0,0.0,0.0,1.0,1.0,1.0,1.0,18.314292922885215
368,369.0,22540.696165250352,22568.262669772837,0.0,0.0,0.0,0.0,1.0,2.0,3.0,1.0,27.566504522485047
369,370.0,22590.704168652424,22609.178150413376,0.0,0.0,0.0,0.0,1.0,1.0,1.0,1.0,18.473981760951574
370,371.0,22663.96822378271,22692.460302088402,0.0,0.0,0.0,0.0,1.0,1.0,2.0,2.0,28.492078305691393
371,372.0,22787.11124382657,22811.90909668104,0.0,0.0,0.0,0.0,1.0,1.0,2.0,2.0,24.797852854469966
372,373.0,22795.374258804924,22816.646955057993,1.0,0.0,1.0,0.0,1.0,1.0,1.0,1.0,21.272696253068716
373,374.0,22801.722418300615,22819.746275073165,2.0,1.0,0.0,1.0,1.0,1.0,1.0,1.0,18.02385677255006
374,375.0,22894.16564974274,22921.97080282179,0.0,0.0,0.0,0.0,1.0,2.0,3.0,1.0,27.805153079050797
375,376.0,22917.127410786128,22940.34708918957,1.0,0.0,0.0,1.0,1.0,2.0,3.0,1.0,23.21967840344223
376,377.0,23103.321823998504,23132.225696723082,0.0,0.0,0.0,0.0,1.0,1.0,2.0,2.0,28.903872724578832
377,378.0,23154.92509124807,23178.113447324755,0.0,0.0,0.0,0.0,1.0,2.0,3.0,1.0,23.188356076683704
378,379.0,23169.5631207121,23197.48493228201,1.0,0.0,1.0,0.0,1.0,2.0,3.0,1.0,27.92181156990773
379,380.0,23181.334484810588,23199.47066403474,1.0,0.0,1.0,0.0,1.0,1.0,1.0,1.0,18.13617922415142
380,381.0,23262.364591935242,23291.416693217143,0.0,0.0,0.0,0.0,1.0,1.0,2.0,2.0,29.052101281900832
381,382.0,23377.2950010513,23400.810545424072,0.0,0.0,0.0,0.0,1.0,2.0,3.0,1.0,23.51554437277082
382,384.0,23410.922552830416,23428.719548282515,1.0,0.0,1.0,0.0,1.0,1.0,1.0,1.0,17.79699545209951
383,383.0,23400.45227044423,23429.351806698956,1.0,0.0,0.0,1.0,1.0,1.0,2.0,2.0,28.899536254724808
384,386.0,23478.29614384543,23497.648545034648,1.0,1.0,0.0,0.0,1.0,1.0,1.0,1.0,19.352401189218654
385,385.0,23472.624623413594,23499.677599210252,0.0,0.0,0.0,0.0,1.0,1.0,2.0,2.0,27.052975796657847
386,387.0,23554.900651860582,23583.791410173566,0.0,0.0,0.0,0.0,1.0,1.0,2.0,2.0,28.890758312983962
387,388.0,23586.02356060881,23604.12825872979,0.0,0.0,0.0,0.0,1.0,1.0,1.0,1.0,18.104698120980174
388,389.0,23630.70328577633,23658.53405696016,0.0,0.0,0.0,0.0,1.0,2.0,3.0,1.0,27.83077118383153
389,390.0,23754.80572721925,23778.471424307634,0.0,0.0,0.0,0.0,1.0,2.0,3.0,1.0,23.66569708838506
390,391.0,23785.237600947654,23806.255106333247,0.0,0.0,0.0,0.0,1.0,1.0,1.0,1.0,21.017505385592813
391,392.0,23841.579588291028,23859.45460865685,0.0,0.0,0.0,0.0,1.0,1.0,1.0,1.0,17.87502036582373
392,393.0,23849.062048190517,23878.322680329013,1.0,0.0,1.0,0.0,1.0,1.0,2.0,2.0,29.260632138495566
393,394.0,23956.092123159164,23980.91142545017,0.0,0.0,0.0,0.0,1.0,1.0,2.0,2.0,24.819302291005442
394,395.0,24045.13805145366,24066.239651274926,0.0,0.0,0.0,0.0,1.0,1.0,1.0,1.0,21.101599821264244
395,396.0,24059.0778792409,24077.12041829381,1.0,0.0,0.0,1.0,1.0,1.0,1.0,1.0,18.042539052908978
396,397.0,24224.206407916772,24250.615444051597,0.0,0.0,0.0,0.0,1.0,2.0,3.0,1.0,26.40903613482442
397,398.0,24227.957058737105,24255.395776575893,1.0,1.0,0.0,0.0,1.0,1.0,2.0,2.0,27.438717838787852
398,399.0,24261.604963349346,24280.52770742899,0.0,0.0,0.0,0.0,1.0,1.0,1.0,1.0,18.92274407964578
399,400.0,24270.56762088374,24290.240591705606,1.0,0.0,1.0,0.0,1.0,1.0,1.0,1.0,19.67297082186633
400,401.0,24280.683994538755,24299.48469136024,1.0,0.0,1.0,0.0,1.0,1.0,1.0,1.0,18.80069682148678
401,402.0,24378.032201424357,24398.17508716301,0.0,0.0,0.0,0.0,1.0,1.0,1.0,1.0,20.142885738652694
402,403.0,24454.896086189412,24479.55827405193,0.0,0.0,0.0,0.0,1.0,2.0,3.0,1.0,24.662187862519204
403,404.0,24481.86618508439,24509.668351191212,0.0,0.0,0.0,0.0,1.0,1.0,2.0,2.0,27.80216610682328
404,405.0,24497.24820859712,24521.336772578452,1.0,0.0,0.0,1.0,1.0,2.0,3.0,1.0,24.08856398133139
405,406.0,24582.908472915053,24608.969755437483,0.0,0.0,0.0,0.0,1.0,2.0,3.0,1.0,26.0612825224307
406,407.0,24652.161070915503,24677.873010725485,0.0,0.0,0.0,0.0,1.0,1.0,2.0,2.0,25.71193980998214
407,408.0,24659.478731937932,24679.608477847614,1.0,0.0,1.0,0.0,1.0,1.0,1.0,1.0,20.129745909682242
408,409.0,24706.650440085927,24732.439242900935,0.0,0.0,0.0,0.0,1.0,1.0,2.0,2.0,25.78880281500824
409,410.0,24712.482686929394,24738.789088474896,1.0,1.0,0.0,0.0,1.0,2.0,3.0,1.0,26.306401545502013
410,411.0,24781.85756626586,24807.76075869515,0.0,0.0,0.0,0.0,1.0,1.0,2.0,2.0,25.903192429290357
411,412.0,24834.54130950962,24854.393163099696,0.0,0.0,0.0,0.0,1.0,1.0,1.0,1.0,19.851853590076644
412,413.0,24850.727652260826,24869.51252623208,1.0,0.0,0.0,1.0,1.0,1.0,1.0,1.0,18.784873971253546
413,414.0,24862.312927557956,24882.39774441103,1.0,0.0,1.0,0.0,1.0,1.0,1.0,1.0,20.08481685307561
414,415.0,24886.318673621216,24904.99270199068,0.0,0.0,0.0,0.0,1.0,1.0,1.0,1.0,18.674028369463485
415,416.0,24955.062372625896,24983.21200125469,0.0,0.0,0.0,0.0,1.0,1.0,2.0,2.0,28.149628628794744
416,417.0,24988.425953701288,25014.448655672706,0.0,0.0,0.0,0.0,1.0,1.0,2.0,2.0,26.022701971418428
417,418.0,25148.468188425813,25176.67068480263,0.0,0.0,0.0,0.0,1.0,1.0,2.0,2.0,28.20249637681627
418,419.0,25186.836352945313,25205.776322938487,0.0,0.0,0.0,0.0,1.0,1.0,1.0,1.0,18.9399699931746
419,420.0,25208.127842098864,25228.000884723344,0.0,0.0,0.0,0.0,1.0,1.0,1.0,1.0,19.87304262448015
420,421.0,25288.65490389344,25307.578494960773,0.0,0.0,0.0,0.0,1.0,1.0,1.0,1.0,18.9235910673342
421,422.0,25290.94723875142,25310.70303147173,1.0,1.0,0.0,0.0,1.0,1.0,1.0,1.0,19.75579272030882
422,423.0,25335.876995980194,25354.955534302433,0.0,0.0,0.0,0.0,1.0,1.0,1.0,1.0,19.078538322239183
423,424.0,25349.90577188036,25370.220899952226,1.0,0.0,0.0,1.0,1.0,1.0,1.0,1.0,20.31512807186664
424,425.0,25423.015434185218,25442.293474395905,0.0,0.0,0.0,0.0,1.0,1.0,1.0,1.0,19.278040210687323
425,426.0,25474.18679655353,25494.417579888446,0.0,0.0,0.0,0.0,1.0,1.0,1.0,1.0,20.23078333491503
426,427.0,25548.97131643222,25567.922797261483,0.0,0.0,0.0,0.0,1.0,1.0,1.0,1.0,18.951480829262437
427,428.0,25624.55348804188,25644.623433965906,0.0,0.0,0.0,0.0,1.0,1.0,1.0,1.0,20.06994592402407
428,429.0,25666.346271166527,25685.211745145614,0.0,0.0,0.0,0.0,1.0,1.0,1.0,1.0,18.865473979087255
429,430.0,25703.74579999841,25731.881392445026,0.0,0.0,0.0,0.0,1.0,1.0,2.0,2.0,28.135592446615192
430,431.0,25769.550905985463,25795.26744339714,0.0,0.0,0.0,0.0,1.0,1.0,2.0,2.0,25.716537411677564
431,432.0,25801.703859247562,25821.316031831546,0.0,0.0,0.0,0.0,1.0,1.0,1.0,1.0,19.61217258398392
432,433.0,25982.55013656782,26001.31670099513,0.0,0.0,0.0,0.0,1.0,1.0,1.0,1.0,18.766564427307458
433,434.0,25995.92617845871,26022.396511026996,1.0,0.0,0.0,1.0,1.0,2.0,3.0,1.0,26.470332568285812
434,435.0,26176.335148547536,26195.417147788496,0.0,0.0,0.0,0.0,1.0,1.0,1.0,1.0,19.081999240959703
435,436.0,26224.926268883963,26245.10746180214,0.0,0.0,0.0,0.0,1.0,1.0,1.0,1.0,20.181192918178567
436,437.0,26321.99195152989,26340.954361633536,0.0,0.0,0.0,0.0,1.0,1.0,1.0,1.0,18.962410103646107
437,438.0,26349.122453850505,26369.32688453893,0.0,0.0,0.0,0.0,1.0,1.0,1.0,1.0,20.2044306884236
438,439.0,26495.559675627257,26519.689631827365,0.0,0.0,0.0,0.0,1.0,2.0,3.0,1.0,24.1299562001077
439,440.0,26581.36767543023,26607.756865453375,0.0,0.0,0.0,0.0,1.0,2.0,3.0,1.0,26.38919002314651
440,441.0,26660.53536783868,26679.42261614706,0.0,0.0,0.0,0.0,1.0,1.0,1.0,1.0,18.887248308383278
441,442.0,26661.898257186913,26689.57251996943,1.0,1.0,0.0,0.0,1.0,1.0,2.0,2.0,27.67426278251878
442,443.0,26707.23130799285,26726.10894850733,0.0,0.0,0.0,0.0,1.0,1.0,1.0,1.0,18.877640514481755
443,444.0,27004.743275030407,27024.845034195154,0.0,0.0,0.0,0.0,1.0,1.0,1.0,1.0,20.10175916474691
444,445.0,27202.702218299764,27221.465706856157,0.0,0.0,0.0,0.0,1.0,1.0,1.0,1.0,18.763488556392986
445,446.0,27296.662690043257,27316.63240238412,0.0,0.0,0.0,0.0,1.0,1.0,1.0,1.0,19.969712340862316
446,447.0,27397.130631331715,27416.18709092674,0.0,0.0,0.0,0.0,1.0,1.0,1.0,1.0,19.056459595027263
447,448.0,27495.24943324631,27515.05894028597,0.0,0.0,0.0,0.0,1.0,1.0,1.0,1.0,19.809507039659366
448,449.0,27517.92585909529,27542.183946222627,0.0,0.0,0.0,0.0,1.0,2.0,3.0,1.0,24.258087127338513
449,450.0,27550.156481003447,27570.186371567575,0.0,0.0,0.0,0.0,1.0,1.0,1.0,1.0,20.029890564128436
450,451.0,27590.03101208885,27608.875559064858,0.0,0.0,0.0,0.0,1.0,1.0,1.0,1.0,18.844546976008132
451,452.0,27606.393934228832,27626.296580672428,1.0,0.0,0.0,1.0,1.0,1.0,1.0,1.0,19.902646443595586
452,453.0,27673.056320306743,27698.762553482717,0.0,0.0,0.0,0.0,1.0,1.0,2.0,2.0,25.706233175973466
453,454.0,27681.815179582405,27701.906672428573,1.0,0.0,1.0,0.0,1.0,1.0,1.0,1.0,20.091492846167966
454,455.0,27815.19538633323,27841.11864140813,0.0,0.0,0.0,0.0,1.0,1.0,2.0,2.0,25.923255074900226
455,456.0,27825.25141194168,27851.84858960896,1.0,0.0,1.0,0.0,1.0,2.0,3.0,1.0,26.59717766727772
456,457.0,27936.264068933993,27955.429671787915,0.0,0.0,0.0,0.0,1.0,1.0,1.0,1.0,19.165602853921882
457,458.0,27965.332649086868,27993.67519567794,0.0,0.0,0.0,0.0,1.0,1.0,2.0,2.0,28.342546591073187
458,459.0,28080.955883175266,28105.185137581637,0.0,0.0,0.0,0.0,1.0,2.0,3.0,1.0,24.229254406371183
459,460.0,28100.35369577803,28120.381981982926,1.0,0.0,0.0,1.0,1.0,1.0,1.0,1.0,20.028286204895267
460,461.0,28132.38033348184,28151.52746192052,0.0,0.0,0.0,0.0,1.0,1.0,1.0,1.0,19.14712843867892
461,462.0,28184.8477503594,28204.992244767294,0.0,0.0,0.0,0.0,1.0,1.0,1.0,1.0,20.144494407893944
462,464.0,28246.588676807394,28264.743337714226,1.0,1.0,0.0,0.0,1.0,1.0,1.0,1.0,18.15466090683185
463,463.0,28246.44142433727,28267.408352279206,0.0,0.0,0.0,0.0,1.0,1.0,1.0,1.0,20.966927941935865
464,465.0,28370.08411022824,28395.162495869907,0.0,0.0,0.0,0.0,1.0,1.0,2.0,2.0,25.07838564166741
465,466.0,28411.40163397959,28432.287176667447,0.0,0.0,0.0,0.0,1.0,1.0,1.0,1.0,20.885542687858106
466,468.0,28433.207654756243,28454.1506023043,1.0,1.0,0.0,0.0,1.0,1.0,1.0,1.0,20.94294754805742
467,467.0,28429.62492077911,28454.420242583656,1.0,0.0,0.0,1.0,1.0,1.0,2.0,2.0,24.795321804544074
468,469.0,28462.708284116372,28486.86864437032,0.0,0.0,0.0,0.0,1.0,2.0,3.0,1.0,24.160360253947147
469,470.0,28483.945196788514,28510.95146684967,1.0,0.0,0.0,1.0,1.0,1.0,2.0,2.0,27.0062700611561
470,471.0,28536.997006234484,28564.00667295063,0.0,0.0,0.0,0.0,1.0,1.0,2.0,2.0,27.009666716145148
471,472.0,28722.346114204112,28749.14994757027,0.0,0.0,0.0,0.0,1.0,2.0,3.0,1.0,26.80383336615705
472,473.0,28787.359907831953,28806.108560425862,0.0,0.0,0.0,0.0,1.0,1.0,1.0,1.0,18.748652593909355
473,474.0,28833.274665699548,28852.9365084518,0.0,0.0,0.0,0.0,1.0,1.0,1.0,1.0,19.661842752251687
474,475.0,28857.726665207152,28882.0843488857,0.0,0.0,0.0,0.0,1.0,2.0,3.0,1.0,24.35768367854689
475,476.0,28874.51886753639,28894.625440485583,1.0,0.0,0.0,1.0,1.0,1.0,1.0,1.0,20.106572949192923
476,477.0,28902.67532638081,28921.53940724779,0.0,0.0,0.0,0.0,1.0,1.0,1.0,1.0,18.864080866980657
477,478.0,28942.442918121822,28969.10093101791,0.0,0.0,0.0,0.0,1.0,2.0,3.0,1.0,26.65801289608862
478,479.0,29038.87400072364,29063.699869660355,0.0,0.0,0.0,0.0,1.0,2.0,3.0,1.0,24.82586893671396
479,480.0,29066.7147722667,29086.569846735205,0.0,0.0,0.0,0.0,1.0,1.0,1.0,1.0,19.855074468505336
480,481.0,29076.019622336993,29103.450052080356,1.0,0.0,1.0,0.0,1.0,1.0,2.0,2.0,27.430429743362765
481,482.0,29098.067323475232,29124.848284375174,1.0,0.0,0.0,1.0,1.0,2.0,3.0,1.0,26.78096089994142
482,483.0,29198.568414209858,29225.226997236292,0.0,0.0,0.0,0.0,1.0,1.0,2.0,2.0,26.658583026433917
483,484.0,29246.34961578475,29266.278102257173,0.0,0.0,0.0,0.0,1.0,1.0,1.0,1.0,19.928486472421355
484,485.0,29267.741641413344,29294.715795464446,0.0,0.0,0.0,0.0,1.0,1.0,2.0,2.0,26.974154051102232
485,486.0,29280.342366765086,29306.665699227913,1.0,0.0,0.0,1.0,1.0,2.0,3.0,1.0,26.32333246282724
486,487.0,29318.43503166212,29337.83940126257,0.0,0.0,0.0,0.0,1.0,1.0,1.0,1.0,19.404369600448263
487,488.0,29413.760195615087,29440.603520462213,0.0,0.0,0.0,0.0,1.0,2.0,3.0,1.0,26.843324847126496
488,489.0,29451.08246730219,29475.730698472747,0.0,0.0,0.0,0.0,1.0,2.0,3.0,1.0,24.648231170558574
489,490.0,29458.550605551798,29478.45190416577,1.0,0.0,1.0,0.0,1.0,1.0,1.0,1.0,19.90129861397145
490,491.0,29495.8810271044,29523.00704478978,0.0,0.0,0.0,0.0,1.0,1.0,2.0,2.0,27.126017685382976
491,492.0,29513.604472704043,29539.98850610067,1.0,0.0,0.0,1.0,1.0,2.0,3.0,1.0,26.384033396629093
492,493.0,29529.144437207884,29548.10148736706,1.0,0.0,1.0,0.0,1.0,1.0,1.0,1.0,18.957050159177015
493,494.0,29546.18230712017,29566.0940605562,1.0,0.0,0.0,1.0,1.0,1.0,1.0,1.0,19.911753436030267
494,495.0,29622.002123733077,29649.319294766574,0.0,0.0,0.0,0.0,1.0,1.0,2.0,2.0,27.31717103349729
495,496.0,29659.876675334388,29686.92043736429,0.0,0.0,0.0,0.0,1.0,1.0,2.0,2.0,27.0437620299017
496,497.0,29926.56224817967,29951.408405919075,0.0,0.0,0.0,0.0,1.0,2.0,3.0,1.0,24.84615773940459
497,498.0,30017.178264310824,30043.26736039321,0.0,0.0,0.0,0.0,1.0,2.0,3.0,1.0,26.089096082385367
498,499.0,30039.824381108534,30066.661893443874,1.0,0.0,0.0,1.0,1.0,1.0,2.0,2.0,26.837512335339852
499,500.0,30042.604498823523,30069.240107988287,2.0,1.0,0.0,1.0,1.0,2.0,3.0,1.0,26.6356091647649
500,501.0,30082.8327895833,30101.84389183638,0.0,0.0,0.0,0.0,1.0,1.0,1.0,1.0,19.011102253080026
501,502.0,30214.68874929198,30234.617499142234,0.0,0.0,0.0,0.0,1.0,1.0,1.0,1.0,19.928749850252643
502,503.0,30277.2930225034,30296.353838099905,0.0,0.0,0.0,0.0,1.0,1.0,1.0,1.0,19.060815596505563
503,504.0,30540.611108468656,30560.79639709624,0.0,0.0,0.0,0.0,1.0,1.0,1.0,1.0,20.18528862758467
504,505.0,30554.939254864465,30573.705278157122,1.0,0.0,0.0,1.0,1.0,1.0,1.0,1.0,18.766023292657337
505,506.0,30683.571851874647,30710.462128144816,0.0,0.0,0.0,0.0,1.0,1.0,2.0,2.0,26.890276270169124
506,507.0,30705.79935176721,30725.11519787213,1.0,0.0,0.0,1.0,1.0,1.0,1.0,1.0,19.315846104917
507,508.0,30790.88674164066,30810.911497254205,0.0,0.0,0.0,0.0,1.0,1.0,1.0,1.0,20.024755613543675
508,509.0,30889.358305688518,30908.18369729023,0.0,0.0,0.0,0.0,1.0,1.0,1.0,1.0,18.82539160171291
509,510.0,30894.77111574968,30921.713653464012,1.0,0.0,1.0,0.0,1.0,1.0,2.0,2.0,26.942537714330683
510,511.0,30899.04691263767,30925.897426954372,2.0,1.0,1.0,0.0,1.0,1.0,2.0,2.0,26.850514316702174
511,512.0,30945.521132260143,30972.07369272795,0.0,0.0,0.0,0.0,1.0,1.0,2.0,2.0,26.55256046780778
512,513.0,30958.638492483657,30983.139304414755,1.0,0.0,0.0,1.0,1.0,2.0,3.0,1.0,24.500811931098724
513,514.0,31030.12692202987,31050.141672156504,0.0,0.0,0.0,0.0,1.0,1.0,1.0,1.0,20.014750126632862
514,515.0,31119.983440305023,31147.026330778423,0.0,0.0,0.0,0.0,1.0,1.0,2.0,2.0,27.042890473399893
515,516.0,31258.295110767842,31284.95138999116,0.0,0.0,0.0,0.0,1.0,2.0,3.0,1.0,26.65627922331987
516,517.0,31294.479802119105,31313.544331468976,0.0,0.0,0.0,0.0,1.0,1.0,1.0,1.0,19.06452934987101
517,518.0,31369.548271669613,31389.45802269617,0.0,0.0,0.0,0.0,1.0,1.0,1.0,1.0,19.909751026556478
518,519.0,31416.80380573179,31435.503474902336,0.0,0.0,0.0,0.0,1.0,1.0,1.0,1.0,18.699669170546258
519,520.0,31428.73574834641,31454.982749223385,1.0,0.0,0.0,1.0,1.0,2.0,3.0,1.0,26.247000876974198
520,521.0,31459.958713682798,31478.803042999356,0.0,0.0,0.0,0.0,1.0,1.0,1.0,1.0,18.844329316558287
521,523.0,31508.39553303375,31533.374569864656,1.0,1.0,0.0,0.0,1.0,1.0,2.0,2.0,24.979036830907717
522,522.0,31506.680699218905,31535.885693118802,0.0,0.0,0.0,0.0,1.0,1.0,2.0,2.0,29.20499389989709
523,524.0,31522.230449821924,31548.50003482808,2.0,0.0,0.0,2.0,1.0,1.0,2.0,2.0,26.269585006157286
524,525.0,31551.14160745196,31570.981048755835,0.0,0.0,0.0,0.0,1.0,1.0,1.0,1.0,19.83944130387681
525,526.0,31590.22757793249,31614.828867331587,0.0,0.0,0.0,0.0,1.0,2.0,3.0,1.0,24.601289399099187
526,527.0,31759.196986746698,31779.270876510516,0.0,0.0,0.0,0.0,1.0,1.0,1.0,1.0,20.073889763818443
527,528.0,31772.9903411552,31799.0382869792,1.0,0.0,0.0,1.0,1.0,1.0,2.0,2.0,26.047945824000635
528,529.0,31779.921072025136,31806.277695957535,1.0,0.0,1.0,0.0,1.0,2.0,3.0,1.0,26.35662393239909
529,530.0,31835.201819903425,31859.399740508175,0.0,0.0,0.0,0.0,1.0,2.0,3.0,1.0,24.197920604750834
530,531.0,31857.477320104903,31877.58771164156,1.0,0.0,0.0,1.0,1.0,1.0,1.0,1.0,20.110391536658426
531,532.0,31955.777922218418,31980.15072462326,0.0,0.0,0.0,0.0,1.0,2.0,3.0,1.0,24.37280240484324
532,533.0,32010.894113669598,32030.661028326973,0.0,0.0,0.0,0.0,1.0,1.0,1.0,1.0,19.76691465737531
533,534.0,32016.393893109172,32035.433935629895,1.0,0.0,1.0,0.0,1.0,1.0,1.0,1.0,19.040042520722636
534,535.0,32106.610615413087,32133.052171545623,0.0,0.0,0.0,0.0,1.0,2.0,3.0,1.0,26.44155613253679
535,536.0,32205.59640982909,32224.583606104097,0.0,0.0,0.0,0.0,1.0,1.0,1.0,1.0,18.98719627500759
536,537.0,32240.09573648666,32268.417746754487,0.0,0.0,0.0,0.0,1.0,1.0,2.0,2.0,28.322010267827864
537,538.0,32287.595616428003,32306.795362149558,0.0,0.0,0.0,0.0,1.0,1.0,1.0,1.0,19.19974572155479
538,539.0,32315.067026469427,32341.76512906136,0.0,0.0,0.0,0.0,1.0,2.0,3.0,1.0,26.698102591934003
539,540.0,32442.447191723342,32461.30857191112,0.0,0.0,0.0,0.0,1.0,1.0,1.0,1.0,18.861380187776376
540,541.0,32453.48926066927,32479.764997783597,1.0,0.0,1.0,0.0,1.0,2.0,3.0,1.0,26.275737114327057
541,542.0,32519.878861746125,32538.9238688947,0.0,0.0,0.0,0.0,1.0,1.0,1.0,1.0,19.045007148575678
542,544.0,32539.046102058037,32558.10708681453,1.0,1.0,0.0,0.0,1.0,1.0,1.0,1.0,19.060984756491962
543,543.0,32535.005025954546,32562.933649402086,1.0,0.0,0.0,1.0,1.0,1.0,2.0,2.0,27.928623447540303
544,545.0,32560.580843909043,32579.67851144407,1.0,0.0,0.0,1.0,1.0,1.0,1.0,1.0,19.09766753502845
545,546.0,32649.133724215484,32675.26271122171,0.0,0.0,0.0,0.0,1.0,2.0,3.0,1.0,26.128987006224634
546,547.0,32882.50402418547,32901.56168004703,0.0,0.0,0.0,0.0,1.0,1.0,1.0,1.0,19.057655861557578
547,548.0,32910.11999717142,32938.19540742115,0.0,0.0,0.0,0.0,1.0,1.0,2.0,2.0,28.07541024973034
548,549.0,32913.59620399369,32939.60760414914,1.0,1.0,0.0,0.0,1.0,1.0,2.0,2.0,26.01140015544661
549,550.0,32967.43311828665,32987.33576299939,0.0,0.0,0.0,0.0,1.0,1.0,1.0,1.0,19.902644712739857
550,551.0,33020.01492109414,33045.14534820341,0.0,0.0,0.0,0.0,1.0,2.0,3.0,1.0,25.130427109274024
551,552.0,33267.08262885342,33287.050329556405,0.0,0.0,0.0,0.0,1.0,1.0,1.0,1.0,19.967700702982256
552,553.0,33324.238852602546,33343.20046766877,0.0,0.0,0.0,0.0,1.0,1.0,1.0,1.0,18.96161506622593
553,554.0,33334.203926505215,33362.4188854537,1.0,0.0,1.0,0.0,1.0,1.0,2.0,2.0,28.2149589484834
554,555.0,33401.928797908324,33427.1559659407,0.0,0.0,0.0,0.0,1.0,2.0,3.0,1.0,25.22716803237563
555,556.0,33418.729807991316,33438.687441228554,1.0,0.0,1.0,0.0,1.0,1.0,1.0,1.0,19.957633237238042
556,557.0,33430.555557838015,33455.993129609655,1.0,0.0,1.0,0.0,1.0,2.0,3.0,1.0,25.43757177163934
557,558.0,33436.45616471915,33461.6069272999,2.0,0.0,1.0,1.0,1.0,2.0,3.0,1.0,25.15076258074987
558,559.0,33544.10324037601,33569.96642442766,0.0,0.0,0.0,0.0,1.0,2.0,3.0,1.0,25.863184051646385
559,561.0,33573.4070065862,33592.375118371325,1.0,0.0,1.0,0.0,1.0,1.0,1.0,1.0,18.968111785121437
560,560.0,33566.355766565954,33594.0087624917,1.0,0.0,0.0,1.0,1.0,1.0,2.0,2.0,27.652995925745927
561,562.0,33604.05975634579,33630.083516379585,0.0,0.0,0.0,0.0,1.0,1.0,2.0,2.0,26.023760033793224
562,563.0,33636.698703040565,33656.849096944905,0.0,0.0,0.0,0.0,1.0,1.0,1.0,1.0,20.15039390433958
563,564.0,33785.41852996129,33804.19719647031,0.0,0.0,0.0,0.0,1.0,1.0,1.0,1.0,18.778666509024333
564,565.0,33825.74379362933,33854.08793733889,0.0,0.0,0.0,0.0,1.0,1.0,2.0,2.0,28.34414370956074
565,566.0,33884.06489438714,33903.15196482409,0.0,0.0,0.0,0.0,1.0,1.0,1.0,1.0,19.087070436944487
566,567.0,33932.285897889196,33952.37958738424,0.0,0.0,0.0,0.0,1.0,1.0,1.0,1.0,20.09368949504278
567,568.0,34010.253797633195,34029.41689894881,0.0,0.0,0.0,0.0,1.0,1.0,1.0,1.0,19.163101315614767
568,569.0,34097.74845117915,34125.95706791135,0.0,0.0,0.0,0.0,1.0,1.0,2.0,2.0,28.208616732204973
569,570.0,34114.69670859933,34133.77780479918,1.0,0.0,0.0,1.0,1.0,1.0,1.0,1.0,19.081096199850435
570,571.0,34183.19530993579,34211.103386340365,0.0,0.0,0.0,0.0,1.0,1.0,2.0,2.0,27.908076404572057
571,572.0,34376.18072317801,34400.95470162106,0.0,0.0,0.0,0.0,1.0,2.0,3.0,1.0,24.77397844305233
572,573.0,34406.77619088506,34433.09020365152,0.0,0.0,0.0,0.0,1.0,2.0,3.0,1.0,26.3140127664592
573,574.0,34491.021631716154,34516.75840009669,0.0,0.0,0.0,0.0,1.0,1.0,2.0,2.0,25.736768380535068
574,575.0,34505.506726950094,34525.322327081085,1.0,0.0,0.0,1.0,1.0,1.0,1.0,1.0,19.815600130990788
575,576.0,34525.10397027666,34549.57022270456,1.0,0.0,0.0,1.0,1.0,2.0,3.0,1.0,24.466252427904692
576,577.0,34593.734307251405,34621.89375492882,0.0,0.0,0.0,0.0,1.0,1.0,2.0,2.0,28.159447677411663
577,578.0,34634.56249620392,34653.586604972676,0.0,0.0,0.0,0.0,1.0,1.0,1.0,1.0,19.02410876875365
578,579.0,34689.98073402596,34710.106236841115,0.0,0.0,0.0,0.0,1.0,1.0,1.0,1.0,20.125502815157233
579,580.0,34744.14390847348,34769.90845991677,0.0,0.0,0.0,0.0,1.0,1.0,2.0,2.0,25.764551443287928
580,581.0,34772.511096013484,34800.717904175384,0.0,0.0,0.0,0.0,1.0,1.0,2.0,2.0,28.20680816189997
581,582.0,34822.37196958161,34841.58576396603,0.0,0.0,0.0,0.0,1.0,1.0,1.0,1.0,19.213794384420908
582,583.0,34842.89156214562,34869.44183107623,0.0,0.0,0.0,0.0,1.0,2.0,3.0,1.0,26.55026893060858
583,584.0,34886.74240058276,34912.72183572548,0.0,0.0,0.0,0.0,1.0,1.0,2.0,2.0,25.979435142719012
584,585.0,34915.8986667914,34935.721048531515,0.0,0.0,0.0,0.0,1.0,1.0,1.0,1.0,19.822381740115816
585,586.0,35032.7344903988,35051.89834095496,0.0,0.0,0.0,0.0,1.0,1.0,1.0,1.0,19.163850556164107
586,587.0,35080.20251500344,35100.000670716145,0.0,0.0,0.0,0.0,1.0,1.0,1.0,1.0,19.79815571270592
587,588.0,35118.71245476992,35137.70778470192,0.0,0.0,0.0,0.0,1.0,1.0,1.0,1.0,18.99532993199682
588,589.0,35120.261797738494,35140.046883283954,1.0,1.0,0.0,0.0,1.0,1.0,1.0,1.0,19.78508554545988
589,590.0,35124.599488322114,35144.802491214774,2.0,2.0,0.0,0.0,1.0,1.0,1.0,1.0,20.20300289266015
590,591.0,35129.58331858528,35157.81643991798,3.0,1.0,2.0,0.0,1.0,1.0,2.0,2.0,28.23312133269792
591,592.0,35159.42158175584,35178.42189390939,0.0,0.0,0.0,0.0,1.0,1.0,1.0,1.0,19.000312153548293
592,593.0,35267.90657135585,35294.42767349389,0.0,0.0,0.0,0.0,1.0,2.0,3.0,1.0,26.52110213803826
593,594.0,35310.848363518475,35337.04767685114,0.0,0.0,0.0,0.0,1.0,1.0,2.0,2.0,26.19931333266868
594,595.0,35459.42076785393,35487.385955882215,0.0,0.0,0.0,0.0,1.0,1.0,2.0,2.0,27.965188028283592
595,596.0,35494.11207936168,35519.931585342594,0.0,0.0,0.0,0.0,1.0,1.0,2.0,2.0,25.819505980914983
596,597.0,35609.48923263036,35637.266183234504,0.0,0.0,0.0,0.0,1.0,1.0,2.0,2.0,27.776950604144076
597,598.0,35633.948576923634,35658.58266367878,1.0,0.0,0.0,1.0,1.0,2.0,3.0,1.0,24.63408675514802
598,599.0,35687.00630794955,35706.96953560504,0.0,0.0,0.0,0.0,1.0,1.0,1.0,1.0,19.96322765549121
599,601.0,35799.32075693183,35819.57604883119,1.0,1.0,0.0,0.0,1.0,1.0,1.0,1.0,20.2552918993606
600,600.0,35793.86527034341,35820.38715176199,0.0,0.0,0.0,0.0,1.0,1.0,2.0,2.0,26.52188141857914
601,602.0,35938.058884926155,35958.0195317512,0.0,0.0,0.0,0.0,1.0,1.0,1.0,1.0,19.960646825042204
602,603.0,35992.566771176425,36017.41529162537,0.0,0.0,0.0,0.0,1.0,2.0,3.0,1.0,24.848520448947966
603,604.0,36147.987950390954,36167.982925365526,0.0,0.0,0.0,0.0,1.0,1.0,1.0,1.0,19.99497497457196
604,605.0,36230.5999238189,36256.747930995676,0.0,0.0,0.0,0.0,1.0,1.0,2.0,2.0,26.148007176772808
605,606.0,36246.276256516736,36266.10307560337,1.0,0.0,0.0,1.0,1.0,1.0,1.0,1.0,19.826819086636533
606,607.0,36273.228507954955,36292.4328861247,0.0,0.0,0.0,0.0,1.0,1.0,1.0,1.0,19.204378169742995
607,608.0,36293.81205929793,36313.64531358107,0.0,0.0,0.0,0.0,1.0,1.0,1.0,1.0,19.833254283141287
608,609.0,36306.23739103574,36325.17795495629,1.0,0.0,0.0,1.0,1.0,1.0,1.0,1.0,18.94056392055063
609,610.0,36365.205719757614,36393.353717579965,0.0,0.0,0.0,0.0,1.0,1.0,2.0,2.0,28.14799782235059
610,612.0,36495.08643382497,36514.89257110024,1.0,1.0,0.0,0.0,1.0,1.0,1.0,1.0,19.806137275270885
611,611.0,36492.17387320581,36517.790973238625,0.0,0.0,0.0,0.0,1.0,1.0,2.0,2.0,25.61710003281769
612,613.0,36540.642848131654,36560.35656710353,0.0,0.0,0.0,0.0,1.0,1.0,1.0,1.0,19.713718971877825
613,614.0,36576.629284150724,36602.73030001168,0.0,0.0,0.0,0.0,1.0,1.0,2.0,2.0,26.101015860956977
614,615.0,36611.85666276415,36632.007550027214,0.0,0.0,0.0,0.0,1.0,1.0,1.0,1.0,20.15088726306567
615,616.0,36614.367060948054,36640.39168408922,1.0,1.0,0.0,0.0,1.0,1.0,2.0,2.0,26.024623141165648
616,617.0,36708.856754196844,36729.19179058257,0.0,0.0,0.0,0.0,1.0,1.0,1.0,1.0,20.33503638572438
617,618.0,36733.982406967494,36760.25313248089,0.0,0.0,0.0,0.0,1.0,1.0,2.0,2.0,26.2707255133937
618,619.0,36803.69101058351,36823.5889030653,0.0,0.0,0.0,0.0,1.0,1.0,1.0,1.0,19.897892481785675
619,620.0,36828.93918160203,36855.161934642936,0.0,0.0,0.0,0.0,1.0,1.0,2.0,2.0,26.222753040907264
620,621.0,36946.98231075843,36967.08294472894,0.0,0.0,0.0,0.0,1.0,1.0,1.0,1.0,20.100633970512717
621,622.0,36950.226622455746,36974.65218485367,1.0,1.0,0.0,0.0,1.0,2.0,3.0,1.0,24.425562397926114
622,623.0,36983.566385287115,37012.05661270367,0.0,0.0,0.0,0.0,1.0,1.0,2.0,2.0,28.4902274165579
623,624.0,37027.6166458296,37046.299577475955,0.0,0.0,0.0,0.0,1.0,1.0,1.0,1.0,18.682931646355428
624,625.0,37115.37047752686,37135.13844824055,0.0,0.0,0.0,0.0,1.0,1.0,1.0,1.0,19.767970713684917
625,626.0,37194.04923698801,37213.059831894556,0.0,0.0,0.0,0.0,1.0,1.0,1.0,1.0,19.01059490654734
626,627.0,37229.80424125196,37256.478831324726,0.0,0.0,0.0,0.0,1.0,2.0,3.0,1.0,26.674590072769206
627,628.0,37337.78297940811,37356.77998959303,0.0,0.0,0.0,0.0,1.0,1.0,1.0,1.0,18.9970101849176
628,629.0,37393.56031963784,37413.5803365211,0.0,0.0,0.0,0.0,1.0,1.0,1.0,1.0,20.020016883259814
629,630.0,37492.734397697684,37518.595424350584,0.0,0.0,0.0,0.0,1.0,1.0,2.0,2.0,25.861026652899454
630,631.0,37503.41733692372,37523.313442196486,1.0,0.0,1.0,0.0,1.0,1.0,1.0,1.0,19.89610527276818
631,632.0,37534.37242674506,37560.19903749457,0.0,0.0,0.0,0.0,1.0,1.0,2.0,2.0,25.82661074950738
632,633.0,37553.00347115445,37579.36815625772,1.0,0.0,0.0,1.0,1.0,2.0,3.0,1.0,26.36468510326813
633,634.0,37679.34828324935,37698.27303511348,0.0,0.0,0.0,0.0,1.0,1.0,1.0,1.0,18.924751864135033
634,635.0,37805.56999537207,37831.66982551234,0.0,0.0,0.0,0.0,1.0,2.0,3.0,1.0,26.09983014027239
635,636.0,37863.18043617235,37888.9582209645,0.0,0.0,0.0,0.0,1.0,1.0,2.0,2.0,25.777784792153398
636,637.0,37891.549331269765,37911.46245769357,0.0,0.0,0.0,0.0,1.0,1.0,1.0,1.0,19.91312642380217
637,638.0,37933.75122305308,37959.12627593557,0.0,0.0,0.0,0.0,1.0,1.0,2.0,2.0,25.3750528824894
638,640.0,37977.068945620726,38001.437958651695,1.0,1.0,0.0,0.0,1.0,2.0,3.0,1.0,24.369013030969654
639,639.0,37975.00473558061,38003.35922886969,0.0,0.0,0.0,0.0,1.0,1.0,2.0,2.0,28.354493289079983
640,641.0,38096.30786895868,38115.29455170464,0.0,0.0,0.0,0.0,1.0,1.0,1.0,1.0,18.986682745962753
641,642.0,38198.66950405287,38223.79076688203,0.0,0.0,0.0,0.0,1.0,2.0,3.0,1.0,25.121262829161424
642,643.0,38339.121102533274,38358.18498579956,0.0,0.0,0.0,0.0,1.0,1.0,1.0,1.0,19.06388326628803
643,644.0,38438.00725828996,38458.00488488505,0.0,0.0,0.0,0.0,1.0,1.0,1.0,1.0,19.99762659508997
644,645.0,38517.77707564324,38543.86130964952,0.0,0.0,0.0,0.0,1.0,1.0,2.0,2.0,26.084234006280894
645,646.0,38575.95187377706,38601.738213818855,0.0,0.0,0.0,0.0,1.0,2.0,3.0,1.0,25.786340041791846
646,647.0,38620.98421334215,38646.70834828795,0.0,0.0,0.0,0.0,1.0,2.0,3.0,1.0,25.724134945805417
647,649.0,38670.17470623507,38688.94023663713,1.0,0.0,1.0,0.0,1.0,1.0,1.0,1.0,18.765530402059085
648,648.0,38662.37607370656,38690.739601420726,0.0,0.0,0.0,0.0,1.0,1.0,2.0,2.0,28.363527714165684
649,650.0,38699.634237690756,38724.16631990313,0.0,0.0,0.0,0.0,1.0,2.0,3.0,1.0,24.532082212375826
650,651.0,38770.93121606261,38797.49313735055,0.0,0.0,0.0,0.0,1.0,2.0,3.0,1.0,26.56192128794646
651,652.0,38790.95869188334,38815.42104228444,1.0,0.0,0.0,1.0,1.0,2.0,3.0,1.0,24.462350401103322
652,653.0,38862.46902309528,38888.93720803879,0.0,0.0,0.0,0.0,1.0,2.0,3.0,1.0,26.468184943514643
653,654.0,38918.11127163032,38943.94072636039,0.0,0.0,0.0,0.0,1.0,1.0,2.0,2.0,25.829454730075668
654,655.0,38939.57691052578,38967.51288732314,1.0,0.0,0.0,1.0,1.0,1.0,2.0,2.0,27.935976797358308
655,656.0,38990.02789667088,39015.99904269494,0.0,0.0,0.0,0.0,1.0,1.0,2.0,2.0,25.971146024057816
656,658.0,39017.70731038146,39042.39788166071,1.0,1.0,0.0,0.0,1.0,2.0,3.0,1.0,24.690571279250435
657,657.0,39016.58521711291,39042.90660169108,0.0,0.0,0.0,0.0,1.0,2.0,3.0,1.0,26.321384578172
658,659.0,39039.108019905354,39058.062757010324,2.0,0.0,0.0,2.0,1.0,1.0,1.0,1.0,18.954737104970263
659,660.0,39043.71639990274,39063.855105964685,1.0,1.0,0.0,0.0,1.0,1.0,1.0,1.0,20.138706061945413
660,661.0,39059.85256533889,39085.40772603118,1.0,0.0,0.0,1.0,1.0,2.0,3.0,1.0,25.555160692289064
661,662.0,39121.33505302126,39149.33411899551,0.0,0.0,0.0,0.0,1.0,1.0,2.0,2.0,27.99906597424706
662,663.0,39143.978443135675,39162.92687990469,1.0,0.0,0.0,1.0,1.0,1.0,1.0,1.0,18.948436769016553
663,664.0,39162.903483994414,39190.95206940787,1.0,0.0,0.0,1.0,1.0,1.0,2.0,2.0,28.04858541345311
664,665.0,39168.38935103885,39194.4166059526,1.0,1.0,0.0,0.0,1.0,2.0,3.0,1.0,26.027254913751676
665,666.0,39231.75861504891,39251.878136546555,0.0,0.0,0.0,0.0,1.0,1.0,1.0,1.0,20.11952149764693
666,667.0,39307.90110836478,39333.4376378121,0.0,0.0,0.0,0.0,1.0,2.0,3.0,1.0,25.53652944732312
667,668.0,39384.67218886648,39412.98041445465,0.0,0.0,0.0,0.0,1.0,1.0,2.0,2.0,28.30822558816726
668,669.0,39401.52905799707,39420.524651649626,1.0,0.0,0.0,1.0,1.0,1.0,1.0,1.0,18.995593652558455
669,670.0,39447.4283624801,39467.13971302933,0.0,0.0,0.0,0.0,1.0,1.0,1.0,1.0,19.7113505492307
670,671.0,39502.37059846882,39527.97176882592,0.0,0.0,0.0,0.0,1.0,2.0,3.0,1.0,25.601170357098454
671,672.0,39568.46181777616,39588.39497575102,0.0,0.0,0.0,0.0,1.0,1.0,1.0,1.0,19.933157974861388
672,673.0,39608.79804498879,39627.913433548936,0.0,0.0,0.0,0.0,1.0,1.0,1.0,1.0,19.11538856014522
673,674.0,39656.4047162737,39684.69484889368,0.0,0.0,0.0,0.0,1.0,1.0,2.0,2.0,28.290132619986252
674,675.0,39769.36831503353,39795.243954981,0.0,0.0,0.0,0.0,1.0,1.0,2.0,2.0,25.875639947473246
675,677.0,39821.68808194245,39840.74560004966,1.0,1.0,0.0,0.0,1.0,1.0,1.0,1.0,19.057518107212672
676,676.0,39821.316763169445,39847.82191302019,0.0,0.0,0.0,0.0,1.0,2.0,3.0,1.0,26.50514985074551
677,678.0,39847.145234922944,39874.58725451069,1.0,0.0,0.0,1.0,1.0,1.0,2.0,2.0,27.442019587746472
678,679.0,39880.18440167533,39907.111936959496,0.0,0.0,0.0,0.0,1.0,1.0,2.0,2.0,26.92753528416506
679,680.0,39984.4436384373,40003.65201014332,0.0,0.0,0.0,0.0,1.0,1.0,1.0,1.0,19.208371706023172
680,681.0,39998.61033842968,40025.58626839938,1.0,0.0,0.0,1.0,1.0,1.0,2.0,2.0,26.975929969696153
681,682.0,40030.75979653171,40054.85653353735,0.0,0.0,0.0,0.0,1.0,2.0,3.0,1.0,24.096737005638715
682,683.0,40061.03647149219,40081.35056234601,0.0,0.0,0.0,0.0,1.0,1.0,1.0,1.0,20.314090853818925
683,684.0,40208.84306156379,40235.73653118766,0.0,0.0,0.0,0.0,1.0,1.0,2.0,2.0,26.893469623864803
684,685.0,40261.73974885919,40281.55353711143,0.0,0.0,0.0,0.0,1.0,1.0,1.0,1.0,19.813788252242375
685,686.0,40320.35867326364,40339.624844517966,0.0,0.0,0.0,0.0,1.0,1.0,1.0,1.0,19.266171254326764
686,687.0,40361.8527049215,40381.590370753554,0.0,0.0,0.0,0.0,1.0,1.0,1.0,1.0,19.737665832057246
687,688.0,40365.6865953886,40384.65619874208,1.0,1.0,0.0,0.0,1.0,1.0,1.0,1.0,18.969603353478306
688,689.0,40396.79652275811,40423.690820640775,0.0,0.0,0.0,0.0,1.0,1.0,2.0,2.0,26.89429788266716
689,690.0,40406.999921652736,40426.26357880299,1.0,0.0,1.0,0.0,1.0,1.0,1.0,1.0,19.263657150251674
690,691.0,40476.659220511465,40503.35994437381,0.0,0.0,0.0,0.0,1.0,1.0,2.0,2.0,26.70072386234824
691,692.0,40533.347368686686,40552.39224765699,0.0,0.0,0.0,0.0,1.0,1.0,1.0,1.0,19.044878970307764
692,693.0,40549.96335879575,40576.97236218211,1.0,0.0,0.0,1.0,1.0,1.0,2.0,2.0,27.009003386359836
693,694.0,40583.01781684436,40610.5494351478,0.0,0.0,0.0,0.0,1.0,1.0,2.0,2.0,27.531618303437426
694,695.0,40641.3433167728,40661.11913071153,0.0,0.0,0.0,0.0,1.0,1.0,1.0,1.0,19.775813938729698
695,696.0,40643.74233686475,40670.81737411381,1.0,1.0,0.0,0.0,1.0,1.0,2.0,2.0,27.07503724905837
696,698.0,40649.549535469625,40675.053717859446,3.0,1.0,2.0,0.0,1.0,1.0,2.0,2.0,25.504182389820926
697,697.0,40646.89581601674,40678.80073239622,2.0,2.0,0.0,0.0,1.0,1.0,1.0,1.0,31.904916379484348
698,699.0,40706.081899823155,40732.277383636654,0.0,0.0,0.0,0.0,1.0,1.0,2.0,2.0,26.195483813498868
699,700.0,40755.99743665608,40775.79453365741,0.0,0.0,0.0,0.0,1.0,1.0,1.0,1.0,19.797097001333896
700,701.0,40865.302589235514,40889.651217263956,0.0,0.0,0.0,0.0,1.0,2.0,3.0,1.0,24.348628028441453
701,702.0,40881.82169231577,40908.644446981045,1.0,0.0,1.0,0.0,1.0,2.0,3.0,1.0,26.8227546652779
702,703.0,40974.76692398623,40993.627942291714,0.0,0.0,0.0,0.0,1.0,1.0,1.0,1.0,18.861018305484322
703,704.0,41005.47135143143,41033.47621137468,0.0,0.0,0.0,0.0,1.0,1.0,2.0,2.0,28.004859943248448
704,705.0,41133.00863604914,41152.09217726832,0.0,0.0,0.0,0.0,1.0,1.0,1.0,1.0,19.083541219180916
705,706.0,41148.06820691697,41174.66039753332,1.0,0.0,0.0,1.0,1.0,2.0,3.0,1.0,26.5921906163494
706,707.0,41167.89523271159,41188.92945143777,1.0,0.0,0.0,1.0,1.0,1.0,1.0,1.0,21.03421872617764
707,708.0,41168.40367046157,41193.58034169202,2.0,1.0,0.0,1.0,1.0,1.0,2.0,2.0,25.17667123044521
708,709.0,41215.070288970186,41234.06449357803,0.0,0.0,0.0,0.0,1.0,1.0,1.0,1.0,18.99420460784313
709,710.0,41280.480073595194,41300.46934700181,0.0,0.0,0.0,0.0,1.0,1.0,1.0,1.0,19.98927340661612
710,711.0,41318.815133131946,41338.118746590386,0.0,0.0,0.0,0.0,1.0,1.0,1.0,1.0,19.30361345843994
711,712.0,41341.01880702741,41360.96362491747,0.0,0.0,0.0,0.0,1.0,1.0,1.0,1.0,19.94481789006386
712,713.0,41552.77087930606,41571.74726969155,0.0,0.0,0.0,0.0,1.0,1.0,1.0,1.0,18.97639038549096
713,714.0,41757.90038494335,41784.9512952661,0.0,0.0,0.0,0.0,1.0,1.0,2.0,2.0,27.050910322752316
714,715.0,41768.63526676893,41787.369238723426,1.0,0.0,1.0,0.0,1.0,1.0,1.0,1.0,18.733971954497974
715,716.0,41854.43021129903,41874.170682761374,0.0,0.0,0.0,0.0,1.0,1.0,1.0,1.0,19.740471462340793
716,717.0,41897.29751157334,41921.56742151737,0.0,0.0,0.0,0.0,1.0,2.0,3.0,1.0,24.269909944028768
717,718.0,41900.36365198744,41927.1996877149,1.0,1.0,0.0,0.0,1.0,2.0,3.0,1.0,26.836035727457784
718,719.0,41909.63074759829,41937.71261079104,2.0,0.0,2.0,0.0,1.0,1.0,2.0,2.0,28.081863192746823
719,720.0,41989.42618930246,42009.40483563325,0.0,0.0,0.0,0.0,1.0,1.0,1.0,1.0,19.97864633079007
720,721.0,42105.893224126405,42124.797600484206,0.0,0.0,0.0,0.0,1.0,1.0,1.0,1.0,18.904376357801084
721,722.0,42110.494081550125,42137.08262252434,1.0,1.0,0.0,0.0,1.0,2.0,3.0,1.0,26.58854097421863
722,723.0,42154.33151374072,42172.97634437621,0.0,0.0,0.0,0.0,1.0,1.0,1.0,1.0,18.644830635494145
723,724.0,42208.39038301375,42228.43675311111,0.0,0.0,0.0,0.0,1.0,1.0,1.0,1.0,20.04637009736325
724,725.0,42227.34247530739,42246.66913924509,1.0,0.0,0.0,1.0,1.0,1.0,1.0,1.0,19.32666393769614
725,726.0,42250.89924165736,42271.08043175914,0.0,0.0,0.0,0.0,1.0,1.0,1.0,1.0,20.181190101779066
726,727.0,42278.99173670758,42305.92322953422,0.0,0.0,0.0,0.0,1.0,1.0,2.0,2.0,26.93149282663944
727,728.0,42301.27478629961,42321.167376610756,1.0,0.0,0.0,1.0,1.0,1.0,1.0,1.0,19.892590311144886
728,729.0,42306.750924521184,42325.676352637805,1.0,1.0,0.0,0.0,1.0,1.0,1.0,1.0,18.925428116621333
729,730.0,42328.944345916934,42355.63601446388,0.0,0.0,0.0,0.0,1.0,2.0,3.0,1.0,26.691668546947767
730,731.0,42342.10930630876,42360.82577027819,1.0,0.0,1.0,0.0,1.0,1.0,1.0,1.0,18.71646396943106
731,732.0,42425.790589870805,42452.690966059396,0.0,0.0,0.0,0.0,1.0,1.0,2.0,2.0,26.9003761885906
732,733.0,42469.71386629307,42494.30453666501,0.0,0.0,0.0,0.0,1.0,2.0,3.0,1.0,24.590670371944725
733,734.0,42552.26678255103,42572.47950038327,0.0,0.0,0.0,0.0,1.0,1.0,1.0,1.0,20.21271783224074
734,735.0,42676.527914317594,42703.487406400214,0.0,0.0,0.0,0.0,1.0,1.0,2.0,2.0,26.959492082620272
735,736.0,42776.21468964294,42796.34136379988,0.0,0.0,0.0,0.0,1.0,1.0,1.0,1.0,20.12667415694159
736,737.0,42891.43532387239,42915.939185797404,0.0,0.0,0.0,0.0,1.0,2.0,3.0,1.0,24.503861925011734
737,738.0,42917.44881218384,42944.60639895628,0.0,0.0,0.0,0.0,1.0,1.0,2.0,2.0,27.15758677244594
738,739.0,43085.303680596335,43112.09311552852,0.0,0.0,0.0,0.0,1.0,1.0,2.0,2.0,26.78943493218685
739,740.0,43121.64178789483,43148.264378760345,0.0,0.0,0.0,0.0,1.0,1.0,2.0,2.0,26.62259086551785
740,741.0,43200.78313087773,43224.3452543742,0.0,0.0,0.0,0.0,1.0,2.0,3.0,1.0,23.56212349647103
741,742.0,43203.37844461206,43224.352582554566,1.0,1.0,0.0,0.0,1.0,1.0,1.0,1.0,20.97413794250315
742,743.0,43254.22629413635,43280.002889573836,0.0,0.0,0.0,0.0,1.0,1.0,2.0,2.0,25.776595437484502
743,744.0,43368.99161538689,43388.94661564098,0.0,0.0,0.0,0.0,1.0,1.0,1.0,1.0,19.955000254092738
744,745.0,43444.99936060957,43463.918337554285,0.0,0.0,0.0,0.0,1.0,1.0,1.0,1.0,18.91897694471845
745,746.0,43516.45650429492,43544.61217211687,0.0,0.0,0.0,0.0,1.0,1.0,2.0,2.0,28.155667821949464
746,747.0,43614.48129962688,43633.06715031145,0.0,0.0,0.0,0.0,1.0,1.0,1.0,1.0,18.585850684568868
747,748.0,43665.70278996156,43691.44051160581,0.0,0.0,0.0,0.0,1.0,2.0,3.0,1.0,25.737721644254634
748,749.0,43727.72954721396,43753.07205205795,0.0,0.0,0.0,0.0,1.0,2.0,3.0,1.0,25.342504843989445
749,750.0,43783.61128849237,43811.29158426568,0.0,0.0,0.0,0.0,1.0,1.0,2.0,2.0,27.6802957733089
750,751.0,43812.07509849308,43838.12708097847,0.0,0.0,0.0,0.0,1.0,1.0,2.0,2.0,26.05198248539091
751,752.0,43898.15841746769,43918.0640203635,0.0,0.0,0.0,0.0,1.0,1.0,1.0,1.0,19.905602895807533
752,753.0,43981.00690144381,44006.98122227228,0.0,0.0,0.0,0.0,1.0,2.0,3.0,1.0,25.97432082847081
753,754.0,44150.6385610023,44175.88376672372,0.0,0.0,0.0,0.0,1.0,2.0,3.0,1.0,25.245205721417733
754,755.0,44194.257171880294,44213.491513422196,0.0,0.0,0.0,0.0,1.0,1.0,1.0,1.0,19.234341541901813
755,756.0,44247.427774391675,44272.682120884805,0.0,0.0,0.0,0.0,1.0,2.0,3.0,1.0,25.25434649312956
756,757.0,44300.083675496484,44325.92234045717,0.0,0.0,0.0,0.0,1.0,2.0,3.0,1.0,25.838664960683673
757,758.0,44317.84855703025,44337.60144921369,1.0,0.0,1.0,0.0,1.0,1.0,1.0,1.0,19.752892183438234
758,759.0,44362.623905497756,44387.97823933427,0.0,0.0,0.0,0.0,1.0,2.0,3.0,1.0,25.354333836512524
759,760.0,44374.32443892883,44394.35101700456,1.0,0.0,1.0,0.0,1.0,1.0,1.0,1.0,20.026578075732687
760,761.0,44537.92231321508,44556.96352310184,0.0,0.0,0.0,0.0,1.0,1.0,1.0,1.0,19.041209886760043
761,762.0,44567.94015230374,44595.68820891969,0.0,0.0,0.0,0.0,1.0,1.0,2.0,2.0,27.74805661595019
762,763.0,44777.330361873435,44803.40003715288,0.0,0.0,0.0,0.0,1.0,1.0,2.0,2.0,26.06967527944653
763,764.0,44816.8156200454,44842.81729331981,0.0,0.0,0.0,0.0,1.0,2.0,3.0,1.0,26.00167327440431
764,765.0,44863.98129635004,44882.963732533615,0.0,0.0,0.0,0.0,1.0,1.0,1.0,1.0,18.982436183578102
765,766.0,44892.670192825986,44912.60984460983,0.0,0.0,0.0,0.0,1.0,1.0,1.0,1.0,19.939651783846784
766,767.0,44987.78311825289,45013.88110943394,0.0,0.0,0.0,0.0,1.0,1.0,2.0,2.0,26.09799118105002
767,768.0,45013.82780929481,45039.14780964343,1.0,0.0,0.0,1.0,1.0,2.0,3.0,1.0,25.320000348619942
768,769.0,45489.786382106744,45508.652096640006,0.0,0.0,0.0,0.0,1.0,1.0,1.0,1.0,18.86571453326178
769,770.0,45512.303844491726,45532.32083391573,0.0,0.0,0.0,0.0,1.0,1.0,1.0,1.0,20.01698942400253
770,771.0,45589.604552371195,45615.250431038556,0.0,0.0,0.0,0.0,1.0,1.0,2.0,2.0,25.645878667361103
771,773.0,45615.209340511516,45634.19348359768,2.0,1.0,0.0,1.0,1.0,1.0,1.0,1.0,18.984143086163385
772,772.0,45608.85934574392,45634.62804824199,1.0,0.0,0.0,1.0,1.0,2.0,3.0,1.0,25.768702498069615
773,774.0,45630.313279772294,45656.03195645355,2.0,0.0,0.0,2.0,1.0,1.0,2.0,2.0,25.71867668125924
774,775.0,45695.6113602899,45715.87729461767,0.0,0.0,0.0,0.0,1.0,1.0,1.0,1.0,20.265934327770083
775,776.0,45748.616122893465,45773.587342563704,0.0,0.0,0.0,0.0,1.0,2.0,3.0,1.0,24.971219670238497
776,777.0,45798.61777023755,45826.17082631572,0.0,0.0,0.0,0.0,1.0,1.0,2.0,2.0,27.553056078169902
777,778.0,45959.86862862927,45986.210958483396,0.0,0.0,0.0,0.0,1.0,1.0,2.0,2.0,26.342329854123818
778,779.0,45977.20299604466,46003.35065931252,1.0,0.0,0.0,1.0,1.0,2.0,3.0,1.0,26.14766326786048
779,780.0,46169.053816331885,46188.13379364271,0.0,0.0,0.0,0.0,1.0,1.0,1.0,1.0,19.07997731082287
780,781.0,46277.028557866724,46297.02969289183,0.0,0.0,0.0,0.0,1.0,1.0,1.0,1.0,20.001135025107942
781,782.0,46482.30970933038,46501.3018416538,0.0,0.0,0.0,0.0,1.0,1.0,1.0,1.0,18.992132323422993
782,783.0,46570.39026795018,46596.76522199886,0.0,0.0,0.0,0.0,1.0,2.0,3.0,1.0,26.37495404868241
783,784.0,46680.605651940255,46699.80022443724,0.0,0.0,0.0,0.0,1.0,1.0,1.0,1.0,19.19457249698462
784,785.0,46709.431593530266,46729.75571676626,0.0,0.0,0.0,0.0,1.0,1.0,1.0,1.0,20.324123235994193
785,786.0,46820.357493175135,46846.18457999781,0.0,0.0,0.0,0.0,1.0,1.0,2.0,2.0,25.827086822675483
786,787.0,46860.44158955849,46880.44049792178,0.0,0.0,0.0,0.0,1.0,1.0,1.0,1.0,19.998908363289956
787,788.0,46930.98826670422,46950.10401483658,0.0,0.0,0.0,0.0,1.0,1.0,1.0,1.0,19.11574813236075
788,789.0,47266.089479256465,47294.11832481552,0.0,0.0,0.0,0.0,1.0,1.0,2.0,2.0,28.028845559056208
789,790.0,47358.71391084499,47377.90575947314,0.0,0.0,0.0,0.0,1.0,1.0,1.0,1.0,19.191848628150183
790,791.0,47387.67998055562,47415.46891665098,0.0,0.0,0.0,0.0,1.0,1.0,2.0,2.0,27.788936095355893
791,792.0,47450.72390084717,47469.901425803764,0.0,0.0,0.0,0.0,1.0,1.0,1.0,1.0,19.177524956590787
792,793.0,47788.71775052558,47817.1839741783,0.0,0.0,0.0,0.0,1.0,1.0,2.0,2.0,28.46622365271469
793,794.0,47799.415998186385,47824.13388390251,1.0,0.0,1.0,0.0,1.0,2.0,3.0,1.0,24.717885716127057
794,796.0,47928.08672386158,47946.99773806208,1.0,1.0,0.0,0.0,1.0,1.0,1.0,1.0,18.91101420049381
795,795.0,47923.73704229694,47951.98724980632,0.0,0.0,0.0,0.0,1.0,1.0,2.0,2.0,28.250207509379834
796,797.0,47940.56902850184,47959.60081760672,2.0,0.0,0.0,2.0,1.0,1.0,1.0,1.0,19.031789104876225
797,798.0,47969.39909291573,47989.35545135978,0.0,0.0,0.0,0.0,1.0,1.0,1.0,1.0,19.95635844404751
798,799.0,48201.76958889977,48228.08792747946,0.0,0.0,0.0,0.0,1.0,2.0,3.0,1.0,26.318338579687406
799,800.0,48207.622681800975,48233.38634010596,1.0,0.0,1.0,0.0,1.0,1.0,2.0,2.0,25.763658304982528
800,801.0,48375.55430998972,48394.66106548147,0.0,0.0,0.0,0.0,1.0,1.0,1.0,1.0,19.106755491753574
801,802.0,48384.48338966138,48404.42835148135,1.0,0.0,1.0,0.0,1.0,1.0,1.0,1.0,19.944961819972377
802,803.0,48399.64251346282,48426.39907442688,1.0,0.0,0.0,1.0,1.0,1.0,2.0,2.0,26.756560964058735
803,804.0,48652.54096709009,48672.820986411934,0.0,0.0,0.0,0.0,1.0,1.0,1.0,1.0,20.2800193218427
804,805.0,48759.17670038177,48783.81134768506,0.0,0.0,0.0,0.0,1.0,2.0,3.0,1.0,24.634647303289967
805,806.0,48780.61585347704,48800.63549904742,1.0,0.0,0.0,1.0,1.0,1.0,1.0,1.0,20.019645570384455
806,807.0,48797.547748544544,48824.86656381175,1.0,0.0,0.0,1.0,1.0,1.0,2.0,2.0,27.318815267208265
807,808.0,48987.77350836562,49007.92084135503,0.0,0.0,0.0,0.0,1.0,1.0,1.0,1.0,20.147332989407005
808,809.0,49001.723594852156,49020.760669461124,1.0,0.0,0.0,1.0,1.0,1.0,1.0,1.0,19.037074608968396
809,810.0,49180.86050872355,49207.51997049688,0.0,0.0,0.0,0.0,1.0,2.0,3.0,1.0,26.65946177333535
810,811.0,49195.10962377392,49219.66955976418,1.0,0.0,1.0,0.0,1.0,2.0,3.0,1.0,24.559935990262602
811,812.0,49203.655045542066,49230.29983114555,2.0,0.0,1.0,1.0,1.0,1.0,2.0,2.0,26.644785603486525
812,813.0,49215.79789954284,49234.877595860926,2.0,0.0,1.0,1.0,1.0,1.0,1.0,1.0,19.079696318083734
813,814.0,49248.15599085929,49268.17886763529,0.0,0.0,0.0,0.0,1.0,1.0,1.0,1.0,20.022876775998157
814,815.0,49329.16501726199,49348.29227087409,0.0,0.0,0.0,0.0,1.0,1.0,1.0,1.0,19.127253612095956
815,816.0,49447.563755912175,49474.61267744122,0.0,0.0,0.0,0.0,1.0,1.0,2.0,2.0,27.048921529043582
816,817.0,49574.105754347365,49593.28557725197,0.0,0.0,0.0,0.0,1.0,1.0,1.0,1.0,19.179822904603498
817,818.0,49595.07854505055,49615.01382257046,0.0,0.0,0.0,0.0,1.0,1.0,1.0,1.0,19.935277519907686
818,819.0,49647.69468661401,49672.47212424308,0.0,0.0,0.0,0.0,1.0,2.0,3.0,1.0,24.777437629069027
819,820.0,49686.80712925439,49713.27219739359,0.0,0.0,0.0,0.0,1.0,2.0,3.0,1.0,26.46506813920132
820,821.0,49755.15482556911,49774.081705038894,0.0,0.0,0.0,0.0,1.0,1.0,1.0,1.0,18.92687946978549
821,822.0,49809.152706912486,49835.40892970706,0.0,0.0,0.0,0.0,1.0,2.0,3.0,1.0,26.25622279457457
822,823.0,49829.71599105536,49848.80898722429,1.0,0.0,0.0,1.0,1.0,1.0,1.0,1.0,19.092996168932586
823,824.0,49876.390826565425,49903.36421262986,0.0,0.0,0.0,0.0,1.0,1.0,2.0,2.0,26.973386064433726
824,825.0,50076.24872147944,50095.14701851193,0.0,0.0,0.0,0.0,1.0,1.0,1.0,1.0,18.898297032494156
825,826.0,50178.94704620112,50198.60102261591,0.0,0.0,0.0,0.0,1.0,1.0,1.0,1.0,19.653976414789213
826,827.0,50275.11579268549,50299.620248176645,0.0,0.0,0.0,0.0,1.0,2.0,3.0,1.0,24.504455491158296
827,828.0,50368.40781168316,50395.38752223354,0.0,0.0,0.0,0.0,1.0,1.0,2.0,2.0,26.97971055038215
828,829.0,50495.72994692089,50514.888215043444,0.0,0.0,0.0,0.0,1.0,1.0,1.0,1.0,19.158268122555455
829,830.0,50517.24170503354,50544.150539498514,0.0,0.0,0.0,0.0,1.0,2.0,3.0,1.0,26.908834464971733
830,831.0,50527.131087099086,50554.06297153289,1.0,0.0,1.0,0.0,1.0,1.0,2.0,2.0,26.931884433804953
831,832.0,50616.6211135008,50636.74299954135,0.0,0.0,0.0,0.0,1.0,1.0,1.0,1.0,20.121886040549725
832,833.0,50630.1546422377,50649.48787573281,1.0,0.0,0.0,1.0,1.0,1.0,1.0,1.0,19.333233495111926
833,834.0,50724.596573094685,50744.16363916435,0.0,0.0,0.0,0.0,1.0,1.0,1.0,1.0,19.56706606966327
834,835.0,51023.68349608974,51042.6415429697,0.0,0.0,0.0,0.0,1.0,1.0,1.0,1.0,18.95804687996133
835,836.0,51045.72996148024,51072.12054647157,0.0,0.0,0.0,0.0,1.0,2.0,3.0,1.0,26.39058499132807
836,837.0,51090.93474552135,51118.17188877352,0.0,0.0,0.0,0.0,1.0,1.0,2.0,2.0,27.237143252168607
837,838.0,51225.95723059105,51246.00936701498,0.0,0.0,0.0,0.0,1.0,1.0,1.0,1.0,20.052136423932097
838,839.0,51248.4835634847,51275.43506337917,0.0,0.0,0.0,0.0,1.0,1.0,2.0,2.0,26.951499894472363
839,840.0,51255.70249937722,51275.55126252246,1.0,0.0,1.0,0.0,1.0,1.0,1.0,1.0,19.84876314523717
840,841.0,51264.751823510116,51289.14243324909,2.0,0.0,1.0,1.0,1.0,2.0,3.0,1.0,24.39060973897722
841,842.0,51309.34312697442,51335.770973922365,0.0,0.0,0.0,0.0,1.0,1.0,2.0,2.0,26.42784694794682
842,844.0,51371.73082091335,51392.81146659166,1.0,1.0,0.0,0.0,1.0,1.0,1.0,1.0,21.080645678310248
843,843.0,51371.63827548206,51395.307509032325,0.0,0.0,0.0,0.0,1.0,2.0,3.0,1.0,23.669233550266654
844,845.0,51444.57616094215,51464.72065740944,0.0,0.0,0.0,0.0,1.0,1.0,1.0,1.0,20.144496467284625
845,846.0,51539.587066842185,51565.84370165616,0.0,0.0,0.0,0.0,1.0,1.0,2.0,2.0,26.256634813973506
846,847.0,51563.461353585764,51583.80586154782,1.0,0.0,0.0,1.0,1.0,1.0,1.0,1.0,20.344507962057833
847,848.0,51570.75407723452,51594.82939589667,1.0,0.0,1.0,0.0,1.0,2.0,3.0,1.0,24.075318662151403
848,850.0,51590.336456568366,51610.4251356552,2.0,1.0,0.0,1.0,1.0,1.0,1.0,1.0,20.08867908683169
849,849.0,51587.52086045547,51612.51196361649,1.0,0.0,1.0,0.0,1.0,2.0,3.0,1.0,24.991103161017236
850,851.0,51592.806034122725,51621.49533699318,3.0,2.0,0.0,1.0,1.0,2.0,3.0,1.0,28.68930287045805
851,852.0,51627.5699484527,51653.96589192386,0.0,0.0,0.0,0.0,1.0,2.0,3.0,1.0,26.395943471157807
852,854.0,51675.88666992105,51696.832035332845,1.0,1.0,0.0,0.0,1.0,1.0,1.0,1.0,20.945365411796956
853,853.0,51674.952537599784,51698.27072097613,0.0,0.0,0.0,0.0,1.0,2.0,3.0,1.0,23.318183376344678
854,855.0,51680.63250375681,51704.882836467936,2.0,1.0,1.0,0.0,1.0,1.0,1.0,1.0,24.250332711126248
855,856.0,51701.64946327056,51725.96490820996,1.0,0.0,0.0,1.0,1.0,2.0,3.0,1.0,24.31544493939873
856,857.0,51780.649056636226,51808.54208999963,0.0,0.0,0.0,0.0,1.0,1.0,2.0,2.0,27.893033363405266
857,858.0,51784.72321077044,51808.83866814655,1.0,1.0,0.0,0.0,1.0,2.0,3.0,1.0,24.11545737610868
858,859.0,51936.35063055989,51963.136214623504,0.0,0.0,0.0,0.0,1.0,2.0,3.0,1.0,26.785584063611168
859,860.0,51950.69448527329,51975.540331167176,1.0,0.0,1.0,0.0,1.0,2.0,3.0,1.0,24.84584589388396
860,861.0,52055.30046684181,52075.073561842895,0.0,0.0,0.0,0.0,1.0,1.0,1.0,1.0,19.773095001088222
861,862.0,52098.792016516825,52123.79213870331,0.0,0.0,0.0,0.0,1.0,2.0,3.0,1.0,25.000122186487715
862,863.0,52105.20912616257,52133.40026828015,1.0,1.0,0.0,0.0,1.0,1.0,2.0,2.0,28.191142117582785
863,865.0,52190.88192106938,52208.900219574636,1.0,1.0,0.0,0.0,1.0,1.0,1.0,1.0,18.018298505259736
864,864.0,52190.8681463592,52211.8015626811,0.0,0.0,0.0,0.0,1.0,1.0,1.0,1.0,20.93341632190277
865,866.0,52216.028550853414,52241.594669010236,0.0,0.0,0.0,0.0,1.0,1.0,2.0,2.0,25.566118156821176
866,867.0,52245.97970951159,52267.42630404527,0.0,0.0,0.0,0.0,1.0,1.0,1.0,1.0,21.44659453368513
867,869.0,52258.331024347906,52278.281109975804,2.0,1.0,1.0,0.0,1.0,1.0,1.0,1.0,19.95008562789735
868,868.0,52255.129736766256,52279.6760490139,1.0,0.0,1.0,0.0,1.0,2.0,3.0,1.0,24.546312247643073
869,870.0,52382.69565723471,52408.59457079125,0.0,0.0,0.0,0.0,1.0,1.0,2.0,2.0,25.898913556535263
870,871.0,52391.50125707539,52419.85181730889,1.0,0.0,1.0,0.0,1.0,1.0,2.0,2.0,28.35056023349898
871,872.0,52465.83080679011,52491.10227164781,0.0,0.0,0.0,0.0,1.0,2.0,3.0,1.0,25.271464857702085
872,873.0,52511.574707723135,52539.58198898278,0.0,0.0,0.0,0.0,1.0,1.0,2.0,2.0,28.007281259648153
873,874.0,52514.280107579434,52539.915019122185,1.0,1.0,0.0,0.0,1.0,2.0,3.0,1.0,25.63491154275107
874,875.0,52585.92206238708,52611.46088224416,0.0,0.0,0.0,0.0,1.0,2.0,3.0,1.0,25.538819857079943
875,876.0,52644.68407404824,52663.76908028338,0.0,0.0,0.0,0.0,1.0,1.0,1.0,1.0,19.085006235145556
876,877.0,52838.35819121943,52866.316744295735,0.0,0.0,0.0,0.0,1.0,1.0,2.0,2.0,27.958553076307
877,878.0,52977.80705206366,53003.49805489132,0.0,0.0,0.0,0.0,1.0,1.0,2.0,2.0,25.691002827661578
878,879.0,53049.229716765934,53077.05962818293,0.0,0.0,0.0,0.0,1.0,1.0,2.0,2.0,27.829911416993127
879,880.0,53086.154341728994,53111.814662020835,0.0,0.0,0.0,0.0,1.0,1.0,2.0,2.0,25.660320291841344
880,881.0,53165.177016438145,53184.90192128118,0.0,0.0,0.0,0.0,1.0,1.0,1.0,1.0,19.72490484303853
881,882.0,53166.99837333072,53192.5251980932,1.0,1.0,0.0,0.0,1.0,2.0,3.0,1.0,25.52682476247719
882,883.0,53203.29855934222,53223.380044763464,0.0,0.0,0.0,0.0,1.0,1.0,1.0,1.0,20.081485421243997
883,884.0,53256.83279897369,53275.91251742018,0.0,0.0,0.0,0.0,1.0,1.0,1.0,1.0,19.079718446490006
884,885.0,53271.57369476638,53296.47934730042,1.0,0.0,0.0,1.0,1.0,2.0,3.0,1.0,24.905652534034743
885,886.0,53329.34229718419,53348.294631103265,0.0,0.0,0.0,0.0,1.0,1.0,1.0,1.0,18.952333919078228
886,887.0,53603.129147765816,53622.87524524078,0.0,0.0,0.0,0.0,1.0,1.0,1.0,1.0,19.74609747496288
887,888.0,53648.70634073235,53673.81050162901,0.0,0.0,0.0,0.0,1.0,2.0,3.0,1.0,25.10416089665523
888,889.0,53680.1871918813,53699.77141402655,0.0,0.0,0.0,0.0,1.0,1.0,1.0,1.0,19.5842221452549
889,890.0,53712.7284075068,53739.27677269598,0.0,0.0,0.0,0.0,1.0,2.0,3.0,1.0,26.548365189177275
890,891.0,53717.43919680897,53743.292818853486,1.0,1.0,0.0,0.0,1.0,1.0,2.0,2.0,25.85362204451667
891,892.0,53826.89619422705,53845.824046139365,0.0,0.0,0.0,0.0,1.0,1.0,1.0,1.0,18.927851912318147
892,893.0,53847.74443753928,53867.63624064233,0.0,0.0,0.0,0.0,1.0,1.0,1.0,1.0,19.891803103048005
893,894.0,53857.276633596135,53881.669051642515,1.0,0.0,1.0,0.0,1.0,2.0,3.0,1.0,24.392418046380044
894,895.0,53888.154959636195,53908.10332454623,0.0,0.0,0.0,0.0,1.0,1.0,1.0,1.0,19.948364910036616
895,896.0,53908.47135448343,53927.49800358936,0.0,0.0,0.0,0.0,1.0,1.0,1.0,1.0,19.02664910593012
896,897.0,53910.103634187304,53930.17244158433,1.0,1.0,0.0,0.0,1.0,1.0,1.0,1.0,20.068807397023193
897,898.0,54071.739056034334,54090.605448908565,0.0,0.0,0.0,0.0,1.0,1.0,1.0,1.0,18.86639287423168
898,899.0,54152.036053974894,54172.1833844086,0.0,0.0,0.0,0.0,1.0,1.0,1.0,1.0,20.147330433705065
899,900.0,54187.693555426005,54215.17180093568,0.0,0.0,0.0,0.0,1.0,1.0,2.0,2.0,27.47824550967198
900,901.0,54190.01410387405,54216.98465881932,1.0,1.0,0.0,0.0,1.0,1.0,2.0,2.0,26.970554945270123
901,902.0,54194.271265249,54223.188338035914,2.0,1.0,1.0,0.0,1.0,1.0,1.0,1.0,28.917072786913195
902,903.0,54196.82465103377,54223.97286535464,3.0,1.0,2.0,0.0,1.0,1.0,1.0,1.0,27.148214320870466
903,904.0,54212.74684300117,54239.55131914512,4.0,0.0,0.0,4.0,1.0,1.0,2.0,2.0,26.804476143945067
904,905.0,54224.75447292932,54251.517704261074,1.0,0.0,0.0,1.0,1.0,1.0,2.0,2.0,26.76323133175174
905,906.0,54228.73129523722,54253.275973746815,2.0,1.0,0.0,1.0,1.0,2.0,3.0,1.0,24.544678509591904
906,907.0,54266.369548811555,54292.81974272473,0.0,0.0,0.0,0.0,1.0,2.0,3.0,1.0,26.45019391317328
907,908.0,54317.56910778245,54336.581531463395,0.0,0.0,0.0,0.0,1.0,1.0,1.0,1.0,19.012423680942447
908,909.0,54346.81670793526,54373.80385309872,0.0,0.0,0.0,0.0,1.0,1.0,2.0,2.0,26.98714516346081
909,910.0,54354.66167004184,54381.25429059866,1.0,0.0,1.0,0.0,1.0,1.0,2.0,2.0,26.59262055682484
910,911.0,54370.62493361119,54390.48157701698,2.0,0.0,0.0,2.0,1.0,1.0,1.0,1.0,19.856643405793875
911,912.0,54428.03288090493,54446.97955232885,0.0,0.0,0.0,0.0,1.0,1.0,1.0,1.0,18.946671423916996
912,913.0,54521.93074761074,54541.608129200285,0.0,0.0,0.0,0.0,1.0,1.0,1.0,1.0,19.677381589543074
913,914.0,54560.69675388999,54587.76590913775,0.0,0.0,0.0,0.0,1.0,1.0,2.0,2.0,27.069155247758317
914,915.0,54688.67043813974,54708.78668058449,0.0,0.0,0.0,0.0,1.0,1.0,1.0,1.0,20.116242444746604
915,916.0,54703.985406029635,54722.83974047203,1.0,0.0,0.0,1.0,1.0,1.0,1.0,1.0,18.854334442396066
916,917.0,54780.39526212376,54807.38211856106,0.0,0.0,0.0,0.0,1.0,1.0,2.0,2.0,26.9868564372955
917,918.0,54806.73033809718,54833.766419035885,1.0,0.0,0.0,1.0,1.0,1.0,2.0,2.0,27.03608093870571
918,919.0,54823.36026877763,54849.79634285397,1.0,0.0,0.0,1.0,1.0,2.0,3.0,1.0,26.436074076344084
919,920.0,54900.312235407604,54919.5914213577,0.0,0.0,0.0,0.0,1.0,1.0,1.0,1.0,19.27918595009396
920,921.0,54926.899916687624,54953.787096846136,0.0,0.0,0.0,0.0,1.0,1.0,2.0,2.0,26.88718015851191
921,922.0,54981.55921031135,55000.70146363241,0.0,0.0,0.0,0.0,1.0,1.0,1.0,1.0,19.14225332105707
922,923.0,54996.683581615165,55022.82441827791,1.0,0.0,0.0,1.0,1.0,2.0,3.0,1.0,26.140836662743823
923,924.0,55296.41880587512,55323.58879189604,0.0,0.0,0.0,0.0,1.0,1.0,2.0,2.0,27.169986020926444
924,925.0,55355.1539070595,55382.295496411374,0.0,0.0,0.0,0.0,1.0,1.0,2.0,2.0,27.141589351871517
925,926.0,55386.08090517045,55405.014913930565,0.0,0.0,0.0,0.0,1.0,1.0,1.0,1.0,18.93400876011583
926,927.0,55394.955818003094,55415.25064725733,1.0,0.0,1.0,0.0,1.0,1.0,1.0,1.0,20.294829254235083
927,928.0,55408.32298806829,55435.627635124525,1.0,0.0,0.0,1.0,1.0,1.0,2.0,2.0,27.30464705623308
928,929.0,55487.53431221911,55507.6786747853,0.0,0.0,0.0,0.0,1.0,1.0,1.0,1.0,20.14436256618501
929,930.0,55490.1309289272,55514.09996277854,1.0,1.0,0.0,0.0,1.0,2.0,3.0,1.0,23.96903385133919
930,931.0,55501.45523013409,55528.311220190764,2.0,0.0,1.0,1.0,1.0,1.0,2.0,2.0,26.85599005667609
931,932.0,55639.67889575268,55658.47913336499,0.0,0.0,0.0,0.0,1.0,1.0,1.0,1.0,18.80023761231132
932,933.0,55641.46956431837,55661.234126533156,1.0,1.0,0.0,0.0,1.0,1.0,1.0,1.0,19.764562214782927
933,934.0,55811.95883975461,55830.934062341024,0.0,0.0,0.0,0.0,1.0,1.0,1.0,1.0,18.97522258641402
934,935.0,55825.96932142268,55845.803843098765,1.0,0.0,0.0,1.0,1.0,1.0,1.0,1.0,19.834521676086297
935,936.0,55886.776255868324,55913.256513905195,0.0,0.0,0.0,0.0,1.0,1.0,2.0,2.0,26.48025803687051
936,937.0,55891.259695944835,55918.24294184472,1.0,1.0,0.0,0.0,1.0,1.0,2.0,2.0,26.983245899886242
937,938.0,56012.69450184223,56031.842720896835,0.0,0.0,0.0,0.0,1.0,1.0,1.0,1.0,19.14821905460849
938,939.0,56047.324693471935,56067.23599506776,0.0,0.0,0.0,0.0,1.0,1.0,1.0,1.0,19.911301595820987
939,940.0,56052.92000807514,56077.626132645826,1.0,1.0,0.0,0.0,1.0,2.0,3.0,1.0,24.70612457068637
940,941.0,56170.359911081054,56190.721727422715,0.0,0.0,0.0,0.0,1.0,1.0,1.0,1.0,20.361816341661324
941,942.0,56400.854888584574,56419.781587203186,0.0,0.0,0.0,0.0,1.0,1.0,1.0,1.0,18.926698618612136
942,944.0,56428.42485536063,56448.05032569233,1.0,1.0,0.0,0.0,1.0,1.0,1.0,1.0,19.625470331702672
943,943.0,56427.572862851994,56453.57901149062,0.0,0.0,0.0,0.0,1.0,1.0,2.0,2.0,26.006148638625746
944,945.0,56534.553491476756,56559.23339441536,0.0,0.0,0.0,0.0,1.0,2.0,3.0,1.0,24.679902938602027
945,946.0,56547.045994302716,56573.124726473994,1.0,0.0,1.0,0.0,1.0,2.0,3.0,1.0,26.078732171277807
946,947.0,56591.47584655614,56618.63374133865,0.0,0.0,0.0,0.0,1.0,1.0,2.0,2.0,27.157894782510994
947,948.0,56625.34697193201,56652.18904137218,0.0,0.0,0.0,0.0,1.0,1.0,2.0,2.0,26.842069440164778
948,949.0,56676.54017396482,56701.27710709198,0.0,0.0,0.0,0.0,1.0,2.0,3.0,1.0,24.73693312715477
949,950.0,56850.193471192346,56877.195733972476,0.0,0.0,0.0,0.0,1.0,1.0,2.0,2.0,27.002262780129968
950,951.0,56999.49633031961,57023.67122646604,0.0,0.0,0.0,0.0,1.0,2.0,3.0,1.0,24.174896146425453
951,952.0,57054.69194135456,57074.50647370238,0.0,0.0,0.0,0.0,1.0,1.0,1.0,1.0,19.814532347816566
952,953.0,57112.69991360902,57139.44593639325,0.0,0.0,0.0,0.0,1.0,1.0,2.0,2.0,26.746022784223896
953,954.0,57127.56419599064,57147.61070901247,1.0,0.0,0.0,1.0,1.0,1.0,1.0,1.0,20.046513021829014
954,955.0,57156.63131795654,57181.094371065796,0.0,0.0,0.0,0.0,1.0,2.0,3.0,1.0,24.46305310925527
955,956.0,57170.8912340807,57190.92428329634,1.0,0.0,1.0,0.0,1.0,1.0,1.0,1.0,20.033049215642677
956,957.0,57180.134068757274,57198.97313840431,2.0,0.0,1.0,1.0,1.0,1.0,1.0,1.0,18.83906964703783
957,958.0,57185.3708042287,57212.504822503804,2.0,1.0,0.0,1.0,1.0,1.0,2.0,2.0,27.13401827510097
958,959.0,57229.640078167795,57249.01181695607,0.0,0.0,0.0,0.0,1.0,1.0,1.0,1.0,19.371738788271614
959,960.0,57259.548236334515,57279.79648014155,0.0,0.0,0.0,0.0,1.0,1.0,1.0,1.0,20.248243807036488
960,961.0,57298.16711176542,57317.392981713856,0.0,0.0,0.0,0.0,1.0,1.0,1.0,1.0,19.22586994843732
961,962.0,57315.33033294547,57342.36591683082,1.0,0.0,0.0,1.0,1.0,1.0,2.0,2.0,27.035583885350206
962,963.0,57488.4624979918,57512.704188072974,0.0,0.0,0.0,0.0,1.0,2.0,3.0,1.0,24.241690081173147
963,964.0,57682.83216969283,57702.53989285581,0.0,0.0,0.0,0.0,1.0,1.0,1.0,1.0,19.707723162980983
964,965.0,57738.74567387938,57757.695229682715,0.0,0.0,0.0,0.0,1.0,1.0,1.0,1.0,18.949555803337716
965,966.0,57752.00064717895,57779.10695164146,1.0,0.0,0.0,1.0,1.0,1.0,2.0,2.0,27.10630446250434
966,967.0,57767.881284829076,57786.765650105954,1.0,0.0,0.0,1.0,1.0,1.0,1.0,1.0,18.88436527687736
967,968.0,57949.402831464045,57969.602921308986,0.0,0.0,0.0,0.0,1.0,1.0,1.0,1.0,20.20008984494052
968,969.0,58060.19278466245,58079.14219336601,0.0,0.0,0.0,0.0,1.0,1.0,1.0,1.0,18.9494087035564
969,970.0,58069.23722321495,58089.30069631015,1.0,0.0,1.0,0.0,1.0,1.0,1.0,1.0,20.063473095200607
970,971.0,58201.24014588246,58224.62559628887,0.0,0.0,0.0,0.0,1.0,2.0,3.0,1.0,23.38545040640747
971,972.0,58203.53498079112,58232.69098444378,1.0,1.0,0.0,0.0,1.0,1.0,2.0,2.0,29.156003652664367
972,973.0,58247.955037902844,58273.940120632695,0.0,0.0,0.0,0.0,1.0,1.0,2.0,2.0,25.985082729850546
973,974.0,58390.32188378806,58410.51378024853,0.0,0.0,0.0,0.0,1.0,1.0,1.0,1.0,20.19189646047016
974,975.0,58421.73749554093,58441.01739622529,0.0,0.0,0.0,0.0,1.0,1.0,1.0,1.0,19.279900684356107
975,976.0,58498.06210644194,58518.03579384925,0.0,0.0,0.0,0.0,1.0,1.0,1.0,1.0,19.973687407313264
976,977.0,58542.64337718383,58561.70526708697,0.0,0.0,0.0,0.0,1.0,1.0,1.0,1.0,19.061889903139672
977,978.0,58544.57875275512,58572.89742943087,1.0,1.0,0.0,0.0,1.0,1.0,2.0,2.0,28.318676675749884
978,979.0,58545.90517699664,58575.72236398622,2.0,2.0,0.0,0.0,1.0,1.0,2.0,2.0,29.817186989581387
979,981.0,58561.115121149654,58582.728327314486,4.0,0.0,2.0,2.0,1.0,1.0,1.0,1.0,21.613206164831354
980,980.0,58554.2753825478,58589.12787860596,3.0,0.0,3.0,0.0,1.0,1.0,2.0,2.0,34.852496058163524
981,982.0,58855.821188826594,58880.04333251633,0.0,0.0,0.0,0.0,1.0,2.0,3.0,1.0,24.222143689738004
982,983.0,58863.33078150708,58891.33707523644,1.0,0.0,1.0,0.0,1.0,1.0,2.0,2.0,28.00629372936237
983,984.0,59036.41592528895,59055.30453057269,0.0,0.0,0.0,0.0,1.0,1.0,1.0,1.0,18.888605283740617
984,985.0,59056.548842817174,59076.43263473662,0.0,0.0,0.0,0.0,1.0,1.0,1.0,1.0,19.883791919448413
985,986.0,59069.80012453976,59095.56261624008,1.0,0.0,0.0,1.0,1.0,1.0,2.0,2.0,25.762491700319515
986,987.0,59072.98674246555,59099.2357305409,2.0,1.0,0.0,1.0,1.0,2.0,3.0,1.0,26.24898807534919
987,988.0,59083.28348046293,59107.89174714501,2.0,0.0,1.0,1.0,1.0,2.0,3.0,1.0,24.608266682080284
988,989.0,59204.67088405596,59232.806903377896,0.0,0.0,0.0,0.0,1.0,1.0,2.0,2.0,28.136019321937056
989,990.0,59444.897077215566,59470.97394063168,0.0,0.0,0.0,0.0,1.0,1.0,2.0,2.0,26.076863416114065
990,991.0,59452.22035982646,59472.29079282832,1.0,0.0,1.0,0.0,1.0,1.0,1.0,1.0,20.070433001856145
991,992.0,59574.099903662,59598.50364155977,0.0,0.0,0.0,0.0,1.0,2.0,3.0,1.0,24.40373789777368
992,993.0,59586.56453339905,59614.81391692107,1.0,0.0,1.0,0.0,1.0,1.0,2.0,2.0,28.24938352202298
993,994.0,59729.644017452585,59748.94294730708,0.0,0.0,0.0,0.0,1.0,1.0,1.0,1.0,19.2989298544926
994,995.0,59732.11785524945,59760.46808324307,1.0,1.0,0.0,0.0,1.0,1.0,2.0,2.0,28.35022799361468
995,996.0,59771.482211598064,59790.511524268644,0.0,0.0,0.0,0.0,1.0,1.0,1.0,1.0,19.02931267058011
996,997.0,59830.21212305224,59858.28680784703,0.0,0.0,0.0,0.0,1.0,1.0,2.0,2.0,28.07468479478848
997,998.0,59917.105109517106,59943.1021015735,0.0,0.0,0.0,0.0,1.0,1.0,2.0,2.0,25.996992056396266
998,999.0,59947.31640815731,59973.53500355233,0.0,0.0,0.0,0.0,1.0,2.0,3.0,1.0,26.218595395017473
